node,bootstrap,haplogroup,n_tips,tips,qualifies
161,100,A2b1a,36,Az-1931_TizayucaR5_Mexico_c_1100;AM-VH-21_VistaHermosa_Mexico_c_600;0204-0531_Wichqana_Peru_c_2675;Nunura_15_HuacaAmarilla_Peru_c_825;SC1061_Chondorko_Ecuador_c_833_A2b1a;D_Argentina1_1000_CerroLutz_Argentina_c_1000_A2b1a;PM4-N3_PlayaMiller-4_Chile_d_1008;Til_1_n8_Pucar_deTilcara_Argentina_d_750;700_00_Chondorko_Ecuador_d_843;Nunura_13_HuacaAmarilla_Peru_c_825;Individuo_1_Pucar_deTilcara_Argentina_d_425;SC1056_Tilcara_Argentina_c_950;Nunura_4_HuacaAmarilla_Peru_d_882;Nunura_16_HuacaAmarilla_Peru_c_825;Nunura_25_HuacaGrande_Peru_d_883;Nunura_30_HuacaGrande_Peru_d_883;Nunura_1_HuacaAmarilla_Peru_d_720;Nunura_26_HuacaGrande_Peru_d_883;Nunura_2_HuacaAmarilla_Peru_d_720;Nunura_17_HuacaAmarilla_Peru_d_846.5;Nunura_18_HuacaAmarilla_Peru_d_846.5;Nunura_19_HuacaAmarilla_Peru_d_865;Nunura_29_HuacaGrande_Peru_d_883;Nunura_28_HuacaGrande_Peru_d_883;Nunura_24_HuacaGrande_Peru_d_883;Nunura_12_HuacaAmarilla_Peru_c_825;Nunura_20_HuacaAmarilla_Peru_d_865;Nunura_31_HuacaGrande_Peru_d_883;Nunura_10_HuacaAmarilla_Peru_d_882.5;Nunura_22_HuacaAmarilla_Peru_c_825;Nunura_23_HuacaGrande_Peru_d_882.5;Nunura_27_HuacaGrande_Peru_d_883;Nunura_5_HuacaAmarilla_Peru_d_882.5;0126-0384_Chilca_Peru_c_750_A2b1a;D_Mayapan1_450_Mayapan_Mexico_c_450;MCZ39564_Caylloma_Peru_NA,TRUE
163,100,A2b1a,34,0204-0531_Wichqana_Peru_c_2675;Nunura_15_HuacaAmarilla_Peru_c_825;SC1061_Chondorko_Ecuador_c_833_A2b1a;D_Argentina1_1000_CerroLutz_Argentina_c_1000_A2b1a;PM4-N3_PlayaMiller-4_Chile_d_1008;Til_1_n8_Pucar_deTilcara_Argentina_d_750;700_00_Chondorko_Ecuador_d_843;Nunura_13_HuacaAmarilla_Peru_c_825;Individuo_1_Pucar_deTilcara_Argentina_d_425;SC1056_Tilcara_Argentina_c_950;Nunura_4_HuacaAmarilla_Peru_d_882;Nunura_16_HuacaAmarilla_Peru_c_825;Nunura_25_HuacaGrande_Peru_d_883;Nunura_30_HuacaGrande_Peru_d_883;Nunura_1_HuacaAmarilla_Peru_d_720;Nunura_26_HuacaGrande_Peru_d_883;Nunura_2_HuacaAmarilla_Peru_d_720;Nunura_17_HuacaAmarilla_Peru_d_846.5;Nunura_18_HuacaAmarilla_Peru_d_846.5;Nunura_19_HuacaAmarilla_Peru_d_865;Nunura_29_HuacaGrande_Peru_d_883;Nunura_28_HuacaGrande_Peru_d_883;Nunura_24_HuacaGrande_Peru_d_883;Nunura_12_HuacaAmarilla_Peru_c_825;Nunura_20_HuacaAmarilla_Peru_d_865;Nunura_31_HuacaGrande_Peru_d_883;Nunura_10_HuacaAmarilla_Peru_d_882.5;Nunura_22_HuacaAmarilla_Peru_c_825;Nunura_23_HuacaGrande_Peru_d_882.5;Nunura_27_HuacaGrande_Peru_d_883;Nunura_5_HuacaAmarilla_Peru_d_882.5;0126-0384_Chilca_Peru_c_750_A2b1a;D_Mayapan1_450_Mayapan_Mexico_c_450;MCZ39564_Caylloma_Peru_NA,TRUE
166,100,A2b1a,15,SC1061_Chondorko_Ecuador_c_833_A2b1a;700_00_Chondorko_Ecuador_d_843;Nunura_25_HuacaGrande_Peru_d_883;Nunura_30_HuacaGrande_Peru_d_883;Nunura_28_HuacaGrande_Peru_d_883;Nunura_24_HuacaGrande_Peru_d_883;Nunura_31_HuacaGrande_Peru_d_883;Nunura_10_HuacaAmarilla_Peru_d_882.5;Nunura_22_HuacaAmarilla_Peru_c_825;Nunura_23_HuacaGrande_Peru_d_882.5;Nunura_27_HuacaGrande_Peru_d_883;Nunura_5_HuacaAmarilla_Peru_d_882.5;0126-0384_Chilca_Peru_c_750_A2b1a;D_Mayapan1_450_Mayapan_Mexico_c_450;MCZ39564_Caylloma_Peru_NA,TRUE
174,100,A2b1a,3,0126-0384_Chilca_Peru_c_750_A2b1a;D_Mayapan1_450_Mayapan_Mexico_c_450;MCZ39564_Caylloma_Peru_NA,TRUE
175,100,A2b1a,2,D_Mayapan1_450_Mayapan_Mexico_c_450;MCZ39564_Caylloma_Peru_NA,TRUE
192,100,A2b1a,5,D_Argentina1_1000_CerroLutz_Argentina_c_1000_A2b1a;PM4-N3_PlayaMiller-4_Chile_d_1008;Til_1_n8_Pucar_deTilcara_Argentina_d_750;Individuo_1_Pucar_deTilcara_Argentina_d_425;SC1056_Tilcara_Argentina_c_950,TRUE
193,100,A2b1a,3,D_Argentina1_1000_CerroLutz_Argentina_c_1000_A2b1a;Individuo_1_Pucar_deTilcara_Argentina_d_425;SC1056_Tilcara_Argentina_c_950,TRUE
194,100,A2b1a,2,Individuo_1_Pucar_deTilcara_Argentina_d_425;SC1056_Tilcara_Argentina_c_950,TRUE
195,100,A2b1a,2,PM4-N3_PlayaMiller-4_Chile_d_1008;Til_1_n8_Pucar_deTilcara_Argentina_d_750,TRUE
204,100,A2b1a,4,Az-1273_TizayucaR5_Mexico_c_1100;Az-657_TizayucaR6_Mexico_d_1090_A2b1a;Az-1661_TizayucaR5_Mexico_c_600;Az-1935_TizayucaR5_Mexico_d_1090,TRUE
205,100,A2b1a,2,Az-1273_TizayucaR5_Mexico_c_1100;Az-657_TizayucaR6_Mexico_d_1090_A2b1a,TRUE
216,100,A2b1a,3,D_Mayapan2_1000_Mayapan_Mexico_c_1000_A2b1a;D_Mayapan3_1000_Mayapan_Mexico_c_1000_A2b1a;D_Mexico1_1000_Mayapan_Mexico_c_1000,TRUE
220,100,A2b1a,3,Nunura_6_HuacaAmarilla_Peru_d_882.5;Nunura_14_HuacaAmarilla_Peru_c_825;Nunura_8_HuacaAmarilla_Peru_d_882,TRUE
225,100,A2b1b,3,D_California2_4000_ChannelIslands_USA_c_4000_A2b1b;D_California1_2000_SantaRosa_USA_c_2000;D_California1_4000_ChannelIslands_USA_c_4000_A2b3,TRUE
231,100,A2b2,2,D_Illinois1_NA_AppleCreek_USA_c_2500_A2b2;D_Newfoundland1_4500_PortauChoix_Canada_d_4500_A2b2,TRUE
232,100,A2b2,5,D_Colorado1_800_YellowJacket_USA_c_800_A2b2;Mcz51780_JaguarCave_USA_NA;JR_75943_Jamestown_USA_c_409;D_Weyanoke1_680_Hatch_USA_d_680;JR_135139_Jamestown_USA_c_409,TRUE
234,100,A2b2,3,JR_75943_Jamestown_USA_c_409;D_Weyanoke1_680_Hatch_USA_d_680;JR_135139_Jamestown_USA_c_409,TRUE
251,100,A2b4,4,D_AngelMound2_1000_AngelMounds_USA_c_1000_A2b4;D_AngelMound3_1000_AngelMounds_USA_c_1000_A2b4;D_JaneyBGoode1_1000_JaneyBGoode_USA_c_1000;D_JaneyBGoode2_1000_JaneyBGoode_USA_c_1000_A2b_,TRUE
252,100,A2b4,2,D_AngelMound2_1000_AngelMounds_USA_c_1000_A2b4;D_AngelMound3_1000_AngelMounds_USA_c_1000_A2b4,TRUE
256,100,A2b4,3,D_Ohio4_2200_Scioto_USA_c_2200_A2b4;D_Ohio2_2200_Scioto_USA_c_2200_A2b4;D_Ohio6_2200_Scioto_USA_c_2200,TRUE
259,100,A2b4,2,D_Ohio5_2200_Scioto_USA_c_2200_A2b4;JR_68100_Jamestown_USA_c_409,TRUE
275,100,A2b5,2,D_California1_5000_NorthHead_USA_c_5000;D_California4_4000_CanadaVerde_USA_c_4000,TRUE
290,100,A1b1,3,ELOLIV-S-R27_El_Olivar_Chile_c_850;Obersten_Greenland_c_110_A1a;TRF.01.23_Deering_USA_c_400_A1b1,TRUE
291,100,A1b1,2,Obersten_Greenland_c_110_A1a;TRF.01.23_Deering_USA_c_400_A1b1,TRUE
294,100,A1b1,8,TRF.01.24_Deering_USA_c_422_A1a1;D_Nunavut3_650_Tikilik_Nunavut_c_650_A2a1;D_Alaska1_212_CapeEspenberg_Alaska_c_212_A1b1;D_Alaska1_620_CapeEspenberg_Alaska_c_620_A1b1;D_Alaska2_500_Nunalleq_USA_c_500;D_Alaska3_500_Nunalleq_USA_c_500_A1b1;D_Alaska1_500_Nunalleq_USA_c_500;D_Alaska5_500_Nunalleq_USA_c_500,TRUE
162,99,A2b1a,35,AM-VH-21_VistaHermosa_Mexico_c_600;0204-0531_Wichqana_Peru_c_2675;Nunura_15_HuacaAmarilla_Peru_c_825;SC1061_Chondorko_Ecuador_c_833_A2b1a;D_Argentina1_1000_CerroLutz_Argentina_c_1000_A2b1a;PM4-N3_PlayaMiller-4_Chile_d_1008;Til_1_n8_Pucar_deTilcara_Argentina_d_750;700_00_Chondorko_Ecuador_d_843;Nunura_13_HuacaAmarilla_Peru_c_825;Individuo_1_Pucar_deTilcara_Argentina_d_425;SC1056_Tilcara_Argentina_c_950;Nunura_4_HuacaAmarilla_Peru_d_882;Nunura_16_HuacaAmarilla_Peru_c_825;Nunura_25_HuacaGrande_Peru_d_883;Nunura_30_HuacaGrande_Peru_d_883;Nunura_1_HuacaAmarilla_Peru_d_720;Nunura_26_HuacaGrande_Peru_d_883;Nunura_2_HuacaAmarilla_Peru_d_720;Nunura_17_HuacaAmarilla_Peru_d_846.5;Nunura_18_HuacaAmarilla_Peru_d_846.5;Nunura_19_HuacaAmarilla_Peru_d_865;Nunura_29_HuacaGrande_Peru_d_883;Nunura_28_HuacaGrande_Peru_d_883;Nunura_24_HuacaGrande_Peru_d_883;Nunura_12_HuacaAmarilla_Peru_c_825;Nunura_20_HuacaAmarilla_Peru_d_865;Nunura_31_HuacaGrande_Peru_d_883;Nunura_10_HuacaAmarilla_Peru_d_882.5;Nunura_22_HuacaAmarilla_Peru_c_825;Nunura_23_HuacaGrande_Peru_d_882.5;Nunura_27_HuacaGrande_Peru_d_883;Nunura_5_HuacaAmarilla_Peru_d_882.5;0126-0384_Chilca_Peru_c_750_A2b1a;D_Mayapan1_450_Mayapan_Mexico_c_450;MCZ39564_Caylloma_Peru_NA,TRUE
184,99,A2b1a,5,Nunura_2_HuacaAmarilla_Peru_d_720;Nunura_17_HuacaAmarilla_Peru_d_846.5;Nunura_18_HuacaAmarilla_Peru_d_846.5;Nunura_12_HuacaAmarilla_Peru_c_825;Nunura_20_HuacaAmarilla_Peru_d_865,TRUE
187,99,A2b1a,2,Nunura_17_HuacaAmarilla_Peru_d_846.5;Nunura_18_HuacaAmarilla_Peru_d_846.5,TRUE
208,99,A2b1a,3,Az-1944_LasGolondrinas_Mexico_c_1525;Az-1934_TizayucaR5_Mexico_d_1020_A2b1a;Az-314_TizayucaR6_Mexico_d_980_A2b1a,TRUE
276,99,A2a1,13,D_Alaska1_100_PointHope_Alaska_c_100;D_Alaska1_2200_Chugachik_Alaska_c_2200;D_Nunavut1_350_Haa_Nunavut_c_350;D_Nunavut1_425_Silumiut_Nunavut_c_425;MCZ7408_Hopedale_Canada_NA;D_Alaska2_1125_Walakpa_Alaska_c_1125_A2a1;D_Nunavut2_650_Tikilik_Nunavut_c_650_A1b1;D_Labrador1_150_Uivak_Point1_Labrador_c_150;D_Nunavut4_650_PordenPoint_Nunavut_c_650;D_Alaska1_3763_TeshekpukLake_Alaska_c_3763;D_Nunavut1_675_PealePoint_Nunavut_c_675;D_Labrador1_200_DoubleMerPoint_Labrador_c_200;MCZ44669_Hopedale_Canada_NA,TRUE
188,98,A2b1a,4,Nunura_13_HuacaAmarilla_Peru_c_825;Nunura_16_HuacaAmarilla_Peru_c_825;Nunura_19_HuacaAmarilla_Peru_d_865;Nunura_29_HuacaGrande_Peru_d_883,TRUE
215,98,A2b1a,4,D_Mayapan1_1000_Mayapan_Mexico_c_1000_A2b1a;D_Mayapan2_1000_Mayapan_Mexico_c_1000_A2b1a;D_Mayapan3_1000_Mayapan_Mexico_c_1000_A2b1a;D_Mexico1_1000_Mayapan_Mexico_c_1000,TRUE
217,98,A2b1a,2,D_Mayapan3_1000_Mayapan_Mexico_c_1000_A2b1a;D_Mexico1_1000_Mayapan_Mexico_c_1000,TRUE
186,97,A2b1a,2,Nunura_12_HuacaAmarilla_Peru_c_825;Nunura_20_HuacaAmarilla_Peru_d_865,TRUE
255,97,A2b4,2,D_Illinois3_1700_Snyders_USA_c_1700;D_JaneyBGoode3_1000_JaneyBGoode_USA_c_1200_A2b4,TRUE
257,97,A2b4,2,D_Ohio2_2200_Scioto_USA_c_2200_A2b4;D_Ohio6_2200_Scioto_USA_c_2200,TRUE
260,97,A2b4,2,D_LittleB1_5000_LittleBear_USA_c_5000_A2b4;D_Missouri1_8385_Modoc_USA_d_8385_A2b4,TRUE
289,97,A1b1,4,TRF.01.12_V52_Greenland_c_1000_A1a;ELOLIV-S-R27_El_Olivar_Chile_c_850;Obersten_Greenland_c_110_A1a;TRF.01.23_Deering_USA_c_400_A1b1,TRUE
228,96,A2b2,10,D_Illinois1_8500_Koster_USA_c_8500_A2b2;D_Koster1_9905_Koster_USA_d_9905_A2b2;D_AngelMound1_1000_AngelMounds_USA_c_1000_A2b2;D_Illinois1_NA_AppleCreek_USA_c_2500_A2b2;D_Newfoundland1_4500_PortauChoix_Canada_d_4500_A2b2;D_Colorado1_800_YellowJacket_USA_c_800_A2b2;Mcz51780_JaguarCave_USA_NA;JR_75943_Jamestown_USA_c_409;D_Weyanoke1_680_Hatch_USA_d_680;JR_135139_Jamestown_USA_c_409,TRUE
229,96,A2b2,8,D_AngelMound1_1000_AngelMounds_USA_c_1000_A2b2;D_Illinois1_NA_AppleCreek_USA_c_2500_A2b2;D_Newfoundland1_4500_PortauChoix_Canada_d_4500_A2b2;D_Colorado1_800_YellowJacket_USA_c_800_A2b2;Mcz51780_JaguarCave_USA_NA;JR_75943_Jamestown_USA_c_409;D_Weyanoke1_680_Hatch_USA_d_680;JR_135139_Jamestown_USA_c_409,TRUE
253,96,A2b4,2,D_JaneyBGoode1_1000_JaneyBGoode_USA_c_1000;D_JaneyBGoode2_1000_JaneyBGoode_USA_c_1000_A2b_,TRUE
277,96,A2a1,12,D_Alaska1_2200_Chugachik_Alaska_c_2200;D_Nunavut1_350_Haa_Nunavut_c_350;D_Nunavut1_425_Silumiut_Nunavut_c_425;MCZ7408_Hopedale_Canada_NA;D_Alaska2_1125_Walakpa_Alaska_c_1125_A2a1;D_Nunavut2_650_Tikilik_Nunavut_c_650_A1b1;D_Labrador1_150_Uivak_Point1_Labrador_c_150;D_Nunavut4_650_PordenPoint_Nunavut_c_650;D_Alaska1_3763_TeshekpukLake_Alaska_c_3763;D_Nunavut1_675_PealePoint_Nunavut_c_675;D_Labrador1_200_DoubleMerPoint_Labrador_c_200;MCZ44669_Hopedale_Canada_NA,TRUE
160,95,A2b1a,63,Az-1931_TizayucaR5_Mexico_c_1100;AM-VH-21_VistaHermosa_Mexico_c_600;Nunura_6_HuacaAmarilla_Peru_d_882.5;Az-316_TizayucaR6_Mexico_c_1100_A2b1a;Az-1923_TizayucaR5_Mexico_d_408;Az-1937_TizayucaR5_Mexico_c_1100;Nunura_14_HuacaAmarilla_Peru_c_825;Nunura_8_HuacaAmarilla_Peru_d_882;0204-0531_Wichqana_Peru_c_2675;Nunura_15_HuacaAmarilla_Peru_c_825;Az-4985_MalpaisPrieto_Mexico_c_650;SC1061_Chondorko_Ecuador_c_833_A2b1a;D_Argentina1_1000_CerroLutz_Argentina_c_1000_A2b1a;PM4-N3_PlayaMiller-4_Chile_d_1008;Til_1_n8_Pucar_deTilcara_Argentina_d_750;Az-1274_TizayucaR5_Mexico_c_1100;Az-1930_LasGolondrinas_Mexico_d_476;Az-1932_ElChato_Mexico_c_1100;700_00_Chondorko_Ecuador_d_843;Nunura_13_HuacaAmarilla_Peru_c_825;Individuo_1_Pucar_deTilcara_Argentina_d_425;SC1056_Tilcara_Argentina_c_950;Az-464_TizayucaR6_Mexico_c_1100;Az-1936_TizayucaR5_Mexico_c_1100;Nunura_4_HuacaAmarilla_Peru_d_882;Nunura_16_HuacaAmarilla_Peru_c_825;Az-1929_TizayucaR5_Mexico_c_1100;Az-1944_LasGolondrinas_Mexico_c_1525;Az-749_LasGolondrinas_Mexico_d_1480;D_Mayapan1_1000_Mayapan_Mexico_c_1000_A2b1a;Nunura_25_HuacaGrande_Peru_d_883;Nunura_30_HuacaGrande_Peru_d_883;Nunura_1_HuacaAmarilla_Peru_d_720;Nunura_26_HuacaGrande_Peru_d_883;Nunura_2_HuacaAmarilla_Peru_d_720;Nunura_17_HuacaAmarilla_Peru_d_846.5;Nunura_18_HuacaAmarilla_Peru_d_846.5;Nunura_19_HuacaAmarilla_Peru_d_865;Nunura_29_HuacaGrande_Peru_d_883;Az-1934_TizayucaR5_Mexico_d_1020_A2b1a;Az-314_TizayucaR6_Mexico_d_980_A2b1a;Az-1791_TizayucaR5_Mexico_d_546_A2b1a;Az-1947_LasGolondrinas_Mexico_c_1525;D_Mayapan2_1000_Mayapan_Mexico_c_1000_A2b1a;Nunura_28_HuacaGrande_Peru_d_883;Nunura_24_HuacaGrande_Peru_d_883;Nunura_12_HuacaAmarilla_Peru_c_825;Nunura_20_HuacaAmarilla_Peru_d_865;Az-1273_TizayucaR5_Mexico_c_1100;Az-657_TizayucaR6_Mexico_d_1090_A2b1a;Az-1661_TizayucaR5_Mexico_c_600;Az-1935_TizayucaR5_Mexico_d_1090;D_Mayapan3_1000_Mayapan_Mexico_c_1000_A2b1a;D_Mexico1_1000_Mayapan_Mexico_c_1000;Nunura_31_HuacaGrande_Peru_d_883;Nunura_10_HuacaAmarilla_Peru_d_882.5;Nunura_22_HuacaAmarilla_Peru_c_825;Nunura_23_HuacaGrande_Peru_d_882.5;Nunura_27_HuacaGrande_Peru_d_883;Nunura_5_HuacaAmarilla_Peru_d_882.5;0126-0384_Chilca_Peru_c_750_A2b1a;D_Mayapan1_450_Mayapan_Mexico_c_450;MCZ39564_Caylloma_Peru_NA,TRUE
189,95,A2b1a,3,Nunura_16_HuacaAmarilla_Peru_c_825;Nunura_19_HuacaAmarilla_Peru_d_865;Nunura_29_HuacaGrande_Peru_d_883,TRUE
222,95,NA,2,D_AngelMound4_1000_AngelMounds_USA_c_1000_A2b;D_Mississippi1_675_Oliver_USA_c_365,FALSE
244,95,A2b4,2,ANH38_Weyanoke_USA_c_960;D_Ohio1_700_Reinhardt_USA_d_725,TRUE
270,95,A2b5,4,D_Alaska1_25_Cape_Dyer_Alaska_c_25_A2b5;D_Alaska2_620_CapeEspenberg_Alaska_c_620_A2b5;D_Alaska1_400_CapeEspenberg_Alaska_c_400_A2b5;D_Alaska1_740_Ahteut_Alaska_c_740_A2b5,TRUE
157,94,NA,71,D_Colorado1_1100_GrassMesa_USA_c_1100_A2b1b;Az-563_TizayucaR5_Mexico_c_1100_A2b1a;D_AngelMound4_1000_AngelMounds_USA_c_1000_A2b;D_Mississippi1_675_Oliver_USA_c_365;D_Colorado1_1200_McPhee_USA_c_1200;Az-1931_TizayucaR5_Mexico_c_1100;D_California2_4000_ChannelIslands_USA_c_4000_A2b1b;AM-VH-21_VistaHermosa_Mexico_c_600;Nunura_6_HuacaAmarilla_Peru_d_882.5;D_California1_2000_SantaRosa_USA_c_2000;D_California1_4000_ChannelIslands_USA_c_4000_A2b3;Az-316_TizayucaR6_Mexico_c_1100_A2b1a;Az-1923_TizayucaR5_Mexico_d_408;Az-1937_TizayucaR5_Mexico_c_1100;Nunura_14_HuacaAmarilla_Peru_c_825;Nunura_8_HuacaAmarilla_Peru_d_882;0204-0531_Wichqana_Peru_c_2675;Nunura_15_HuacaAmarilla_Peru_c_825;Az-4985_MalpaisPrieto_Mexico_c_650;SC1061_Chondorko_Ecuador_c_833_A2b1a;D_Argentina1_1000_CerroLutz_Argentina_c_1000_A2b1a;PM4-N3_PlayaMiller-4_Chile_d_1008;Til_1_n8_Pucar_deTilcara_Argentina_d_750;Az-1274_TizayucaR5_Mexico_c_1100;Az-1930_LasGolondrinas_Mexico_d_476;Az-1932_ElChato_Mexico_c_1100;700_00_Chondorko_Ecuador_d_843;Nunura_13_HuacaAmarilla_Peru_c_825;Individuo_1_Pucar_deTilcara_Argentina_d_425;SC1056_Tilcara_Argentina_c_950;Az-464_TizayucaR6_Mexico_c_1100;Az-1936_TizayucaR5_Mexico_c_1100;Nunura_4_HuacaAmarilla_Peru_d_882;Nunura_16_HuacaAmarilla_Peru_c_825;Az-1929_TizayucaR5_Mexico_c_1100;Az-1944_LasGolondrinas_Mexico_c_1525;Az-749_LasGolondrinas_Mexico_d_1480;D_Mayapan1_1000_Mayapan_Mexico_c_1000_A2b1a;Nunura_25_HuacaGrande_Peru_d_883;Nunura_30_HuacaGrande_Peru_d_883;Nunura_1_HuacaAmarilla_Peru_d_720;Nunura_26_HuacaGrande_Peru_d_883;Nunura_2_HuacaAmarilla_Peru_d_720;Nunura_17_HuacaAmarilla_Peru_d_846.5;Nunura_18_HuacaAmarilla_Peru_d_846.5;Nunura_19_HuacaAmarilla_Peru_d_865;Nunura_29_HuacaGrande_Peru_d_883;Az-1934_TizayucaR5_Mexico_d_1020_A2b1a;Az-314_TizayucaR6_Mexico_d_980_A2b1a;Az-1791_TizayucaR5_Mexico_d_546_A2b1a;Az-1947_LasGolondrinas_Mexico_c_1525;D_Mayapan2_1000_Mayapan_Mexico_c_1000_A2b1a;Nunura_28_HuacaGrande_Peru_d_883;Nunura_24_HuacaGrande_Peru_d_883;Nunura_12_HuacaAmarilla_Peru_c_825;Nunura_20_HuacaAmarilla_Peru_d_865;Az-1273_TizayucaR5_Mexico_c_1100;Az-657_TizayucaR6_Mexico_d_1090_A2b1a;Az-1661_TizayucaR5_Mexico_c_600;Az-1935_TizayucaR5_Mexico_d_1090;D_Mayapan3_1000_Mayapan_Mexico_c_1000_A2b1a;D_Mexico1_1000_Mayapan_Mexico_c_1000;Nunura_31_HuacaGrande_Peru_d_883;Nunura_10_HuacaAmarilla_Peru_d_882.5;Nunura_22_HuacaAmarilla_Peru_c_825;Nunura_23_HuacaGrande_Peru_d_882.5;Nunura_27_HuacaGrande_Peru_d_883;Nunura_5_HuacaAmarilla_Peru_d_882.5;0126-0384_Chilca_Peru_c_750_A2b1a;D_Mayapan1_450_Mayapan_Mexico_c_450;MCZ39564_Caylloma_Peru_NA,FALSE
197,94,A2b1a,24,Az-316_TizayucaR6_Mexico_c_1100_A2b1a;Az-1923_TizayucaR5_Mexico_d_408;Az-1937_TizayucaR5_Mexico_c_1100;Az-4985_MalpaisPrieto_Mexico_c_650;Az-1274_TizayucaR5_Mexico_c_1100;Az-1930_LasGolondrinas_Mexico_d_476;Az-1932_ElChato_Mexico_c_1100;Az-464_TizayucaR6_Mexico_c_1100;Az-1936_TizayucaR5_Mexico_c_1100;Az-1929_TizayucaR5_Mexico_c_1100;Az-1944_LasGolondrinas_Mexico_c_1525;Az-749_LasGolondrinas_Mexico_d_1480;D_Mayapan1_1000_Mayapan_Mexico_c_1000_A2b1a;Az-1934_TizayucaR5_Mexico_d_1020_A2b1a;Az-314_TizayucaR6_Mexico_d_980_A2b1a;Az-1791_TizayucaR5_Mexico_d_546_A2b1a;Az-1947_LasGolondrinas_Mexico_c_1525;D_Mayapan2_1000_Mayapan_Mexico_c_1000_A2b1a;Az-1273_TizayucaR5_Mexico_c_1100;Az-657_TizayucaR6_Mexico_d_1090_A2b1a;Az-1661_TizayucaR5_Mexico_c_600;Az-1935_TizayucaR5_Mexico_d_1090;D_Mayapan3_1000_Mayapan_Mexico_c_1000_A2b1a;D_Mexico1_1000_Mayapan_Mexico_c_1000,TRUE
203,94,A2b1a,5,Az-1929_TizayucaR5_Mexico_c_1100;Az-1273_TizayucaR5_Mexico_c_1100;Az-657_TizayucaR6_Mexico_d_1090_A2b1a;Az-1661_TizayucaR5_Mexico_c_600;Az-1935_TizayucaR5_Mexico_d_1090,TRUE
226,94,A2b1b,2,D_California1_2000_SantaRosa_USA_c_2000;D_California1_4000_ChannelIslands_USA_c_4000_A2b3,TRUE
235,94,A2b2,2,D_Weyanoke1_680_Hatch_USA_d_680;JR_135139_Jamestown_USA_c_409,TRUE
236,94,A2b2,2,D_Illinois1_8500_Koster_USA_c_8500_A2b2;D_Koster1_9905_Koster_USA_d_9905_A2b2,TRUE
238,94,A2b4,24,D_Ohio1_2200_Scioto_USA_c_2200_A2b4;D_Alabama2_5000_LittleBear_USA_c_3000;D_Illinois2_1700_Snyders_USA_c_1700;D_LittleB1_5000_LittleBear_USA_c_5000_A2b4;D_Missouri1_8385_Modoc_USA_d_8385_A2b4;JR_118236_Jamestown_USA_c_409;ANH38_Weyanoke_USA_c_960;D_Ohio1_700_Reinhardt_USA_d_725;JR_73052_Jamestown_USA_c_409;D_Alabama1_2250_CoxSite_USA_c_2250_A2b4;D_Ohio5_2200_Scioto_USA_c_2200_A2b4;JR_68100_Jamestown_USA_c_409;D_Alabama1_5000_FlintRiver_USA_c_5000;D_Ohio3_2200_Scioto_USA_c_2200_A2b4;D_Ohio2_1900_HolderWrightFarm_USA_c_1900;D_Illinois3_1700_Snyders_USA_c_1700;D_JaneyBGoode3_1000_JaneyBGoode_USA_c_1200_A2b4;D_Ohio4_2200_Scioto_USA_c_2200_A2b4;D_AngelMound2_1000_AngelMounds_USA_c_1000_A2b4;D_AngelMound3_1000_AngelMounds_USA_c_1000_A2b4;D_JaneyBGoode1_1000_JaneyBGoode_USA_c_1000;D_JaneyBGoode2_1000_JaneyBGoode_USA_c_1000_A2b_;D_Ohio2_2200_Scioto_USA_c_2200_A2b4;D_Ohio6_2200_Scioto_USA_c_2200,TRUE
233,93,A2b2,2,D_Colorado1_800_YellowJacket_USA_c_800_A2b2;Mcz51780_JaguarCave_USA_NA,TRUE
221,92,A2b1a,2,Nunura_14_HuacaAmarilla_Peru_c_825;Nunura_8_HuacaAmarilla_Peru_d_882,TRUE
268,92,A2b5,6,D_BColumbia2_1500_PrinceRupert_Canada_c_1500_A2b5;D_PrinceRupert1_1500_PrinceRupert_Canada_c_1500_A2b5;D_Alaska1_25_Cape_Dyer_Alaska_c_25_A2b5;D_Alaska2_620_CapeEspenberg_Alaska_c_620_A2b5;D_Alaska1_400_CapeEspenberg_Alaska_c_400_A2b5;D_Alaska1_740_Ahteut_Alaska_c_740_A2b5,TRUE
292,92,A1b1,10,D_Alaska1_825_CapeEspenberg_Alaska_c_825;D_Alaska1_1105_Deering_Alaska_c_1105_A1a1;TRF.01.24_Deering_USA_c_422_A1a1;D_Nunavut3_650_Tikilik_Nunavut_c_650_A2a1;D_Alaska1_212_CapeEspenberg_Alaska_c_212_A1b1;D_Alaska1_620_CapeEspenberg_Alaska_c_620_A1b1;D_Alaska2_500_Nunalleq_USA_c_500;D_Alaska3_500_Nunalleq_USA_c_500_A1b1;D_Alaska1_500_Nunalleq_USA_c_500;D_Alaska5_500_Nunalleq_USA_c_500,TRUE
293,91,A1b1,9,D_Alaska1_1105_Deering_Alaska_c_1105_A1a1;TRF.01.24_Deering_USA_c_422_A1a1;D_Nunavut3_650_Tikilik_Nunavut_c_650_A2a1;D_Alaska1_212_CapeEspenberg_Alaska_c_212_A1b1;D_Alaska1_620_CapeEspenberg_Alaska_c_620_A1b1;D_Alaska2_500_Nunalleq_USA_c_500;D_Alaska3_500_Nunalleq_USA_c_500_A1b1;D_Alaska1_500_Nunalleq_USA_c_500;D_Alaska5_500_Nunalleq_USA_c_500,TRUE
156,90,NA,82,D_Colorado1_1100_GrassMesa_USA_c_1100_A2b1b;D_Illinois1_1200_JaneyBGoode_USA_c_1200_A2b4;Az-563_TizayucaR5_Mexico_c_1100_A2b1a;D_Illinois1_8500_Koster_USA_c_8500_A2b2;D_Koster1_9905_Koster_USA_d_9905_A2b2;D_AngelMound4_1000_AngelMounds_USA_c_1000_A2b;D_Mississippi1_675_Oliver_USA_c_365;D_Colorado1_1200_McPhee_USA_c_1200;D_AngelMound1_1000_AngelMounds_USA_c_1000_A2b2;Az-1931_TizayucaR5_Mexico_c_1100;D_California2_4000_ChannelIslands_USA_c_4000_A2b1b;D_Illinois1_NA_AppleCreek_USA_c_2500_A2b2;D_Newfoundland1_4500_PortauChoix_Canada_d_4500_A2b2;D_Colorado1_800_YellowJacket_USA_c_800_A2b2;Mcz51780_JaguarCave_USA_NA;JR_75943_Jamestown_USA_c_409;AM-VH-21_VistaHermosa_Mexico_c_600;Nunura_6_HuacaAmarilla_Peru_d_882.5;D_California1_2000_SantaRosa_USA_c_2000;D_California1_4000_ChannelIslands_USA_c_4000_A2b3;D_Weyanoke1_680_Hatch_USA_d_680;JR_135139_Jamestown_USA_c_409;Az-316_TizayucaR6_Mexico_c_1100_A2b1a;Az-1923_TizayucaR5_Mexico_d_408;Az-1937_TizayucaR5_Mexico_c_1100;Nunura_14_HuacaAmarilla_Peru_c_825;Nunura_8_HuacaAmarilla_Peru_d_882;0204-0531_Wichqana_Peru_c_2675;Nunura_15_HuacaAmarilla_Peru_c_825;Az-4985_MalpaisPrieto_Mexico_c_650;SC1061_Chondorko_Ecuador_c_833_A2b1a;D_Argentina1_1000_CerroLutz_Argentina_c_1000_A2b1a;PM4-N3_PlayaMiller-4_Chile_d_1008;Til_1_n8_Pucar_deTilcara_Argentina_d_750;Az-1274_TizayucaR5_Mexico_c_1100;Az-1930_LasGolondrinas_Mexico_d_476;Az-1932_ElChato_Mexico_c_1100;700_00_Chondorko_Ecuador_d_843;Nunura_13_HuacaAmarilla_Peru_c_825;Individuo_1_Pucar_deTilcara_Argentina_d_425;SC1056_Tilcara_Argentina_c_950;Az-464_TizayucaR6_Mexico_c_1100;Az-1936_TizayucaR5_Mexico_c_1100;Nunura_4_HuacaAmarilla_Peru_d_882;Nunura_16_HuacaAmarilla_Peru_c_825;Az-1929_TizayucaR5_Mexico_c_1100;Az-1944_LasGolondrinas_Mexico_c_1525;Az-749_LasGolondrinas_Mexico_d_1480;D_Mayapan1_1000_Mayapan_Mexico_c_1000_A2b1a;Nunura_25_HuacaGrande_Peru_d_883;Nunura_30_HuacaGrande_Peru_d_883;Nunura_1_HuacaAmarilla_Peru_d_720;Nunura_26_HuacaGrande_Peru_d_883;Nunura_2_HuacaAmarilla_Peru_d_720;Nunura_17_HuacaAmarilla_Peru_d_846.5;Nunura_18_HuacaAmarilla_Peru_d_846.5;Nunura_19_HuacaAmarilla_Peru_d_865;Nunura_29_HuacaGrande_Peru_d_883;Az-1934_TizayucaR5_Mexico_d_1020_A2b1a;Az-314_TizayucaR6_Mexico_d_980_A2b1a;Az-1791_TizayucaR5_Mexico_d_546_A2b1a;Az-1947_LasGolondrinas_Mexico_c_1525;D_Mayapan2_1000_Mayapan_Mexico_c_1000_A2b1a;Nunura_28_HuacaGrande_Peru_d_883;Nunura_24_HuacaGrande_Peru_d_883;Nunura_12_HuacaAmarilla_Peru_c_825;Nunura_20_HuacaAmarilla_Peru_d_865;Az-1273_TizayucaR5_Mexico_c_1100;Az-657_TizayucaR6_Mexico_d_1090_A2b1a;Az-1661_TizayucaR5_Mexico_c_600;Az-1935_TizayucaR5_Mexico_d_1090;D_Mayapan3_1000_Mayapan_Mexico_c_1000_A2b1a;D_Mexico1_1000_Mayapan_Mexico_c_1000;Nunura_31_HuacaGrande_Peru_d_883;Nunura_10_HuacaAmarilla_Peru_d_882.5;Nunura_22_HuacaAmarilla_Peru_c_825;Nunura_23_HuacaGrande_Peru_d_882.5;Nunura_27_HuacaGrande_Peru_d_883;Nunura_5_HuacaAmarilla_Peru_d_882.5;0126-0384_Chilca_Peru_c_750_A2b1a;D_Mayapan1_450_Mayapan_Mexico_c_450;MCZ39564_Caylloma_Peru_NA,FALSE
190,90,A2b1a,2,Nunura_19_HuacaAmarilla_Peru_d_865;Nunura_29_HuacaGrande_Peru_d_883,TRUE
191,90,A2b1a,6,Nunura_15_HuacaAmarilla_Peru_c_825;D_Argentina1_1000_CerroLutz_Argentina_c_1000_A2b1a;PM4-N3_PlayaMiller-4_Chile_d_1008;Til_1_n8_Pucar_deTilcara_Argentina_d_750;Individuo_1_Pucar_deTilcara_Argentina_d_425;SC1056_Tilcara_Argentina_c_950,TRUE
206,90,A2b1a,2,Az-1661_TizayucaR5_Mexico_c_600;Az-1935_TizayucaR5_Mexico_d_1090,TRUE
223,88,A2b1b,5,Az-563_TizayucaR5_Mexico_c_1100_A2b1a;D_Colorado1_1200_McPhee_USA_c_1200;D_California2_4000_ChannelIslands_USA_c_4000_A2b1b;D_California1_2000_SantaRosa_USA_c_2000;D_California1_4000_ChannelIslands_USA_c_4000_A2b3,TRUE
165,86,A2b1a,27,SC1061_Chondorko_Ecuador_c_833_A2b1a;700_00_Chondorko_Ecuador_d_843;Nunura_13_HuacaAmarilla_Peru_c_825;Nunura_4_HuacaAmarilla_Peru_d_882;Nunura_16_HuacaAmarilla_Peru_c_825;Nunura_25_HuacaGrande_Peru_d_883;Nunura_30_HuacaGrande_Peru_d_883;Nunura_1_HuacaAmarilla_Peru_d_720;Nunura_26_HuacaGrande_Peru_d_883;Nunura_2_HuacaAmarilla_Peru_d_720;Nunura_17_HuacaAmarilla_Peru_d_846.5;Nunura_18_HuacaAmarilla_Peru_d_846.5;Nunura_19_HuacaAmarilla_Peru_d_865;Nunura_29_HuacaGrande_Peru_d_883;Nunura_28_HuacaGrande_Peru_d_883;Nunura_24_HuacaGrande_Peru_d_883;Nunura_12_HuacaAmarilla_Peru_c_825;Nunura_20_HuacaAmarilla_Peru_d_865;Nunura_31_HuacaGrande_Peru_d_883;Nunura_10_HuacaAmarilla_Peru_d_882.5;Nunura_22_HuacaAmarilla_Peru_c_825;Nunura_23_HuacaGrande_Peru_d_882.5;Nunura_27_HuacaGrande_Peru_d_883;Nunura_5_HuacaAmarilla_Peru_d_882.5;0126-0384_Chilca_Peru_c_750_A2b1a;D_Mayapan1_450_Mayapan_Mexico_c_450;MCZ39564_Caylloma_Peru_NA,TRUE
248,86,A2b4,2,D_Alabama1_5000_FlintRiver_USA_c_5000;D_Ohio3_2200_Scioto_USA_c_2200_A2b4,TRUE
153,85,NA,136,China_Harbin_12904_Heilongjiang_China_d_12904_A2_A2c;D_Alaska1_100_PointHope_Alaska_c_100;D_Alaska1_2200_Chugachik_Alaska_c_2200;D_Colorado1_1100_GrassMesa_USA_c_1100_A2b1b;D_Illinois1_1200_JaneyBGoode_USA_c_1200_A2b4;D_Ohio1_2200_Scioto_USA_c_2200_A2b4;D_JaguarCave1_1400_JaguarCave_USA_d_1400_A2b3;D_Nunavut1_350_Haa_Nunavut_c_350;D_Alabama2_5000_LittleBear_USA_c_3000;D_Nunavut1_425_Silumiut_Nunavut_c_425;Az-563_TizayucaR5_Mexico_c_1100_A2b1a;D_Illinois1_8500_Koster_USA_c_8500_A2b2;D_Koster1_9905_Koster_USA_d_9905_A2b2;D_Illinois2_1700_Snyders_USA_c_1700;D_Nunavut1_1000_Tikilik_Nunavut_c_1000;D_California1_5000_NorthHead_USA_c_5000;D_California4_4000_CanadaVerde_USA_c_4000;MCZ7408_Hopedale_Canada_NA;D_AngelMound4_1000_AngelMounds_USA_c_1000_A2b;D_Mississippi1_675_Oliver_USA_c_365;D_Colorado1_1200_McPhee_USA_c_1200;D_AngelMound1_1000_AngelMounds_USA_c_1000_A2b2;Az-1931_TizayucaR5_Mexico_c_1100;D_California2_4000_ChannelIslands_USA_c_4000_A2b1b;D_Illinois1_NA_AppleCreek_USA_c_2500_A2b2;D_Newfoundland1_4500_PortauChoix_Canada_d_4500_A2b2;D_Colorado1_800_YellowJacket_USA_c_800_A2b2;Mcz51780_JaguarCave_USA_NA;JR_75943_Jamestown_USA_c_409;D_LittleB1_5000_LittleBear_USA_c_5000_A2b4;D_Missouri1_8385_Modoc_USA_d_8385_A2b4;D_JaguarCave1_10370_JaguarCave_USA_d_10370;D_California1_NA_NorthHead_USA_c_5000;SG0892_L1_A1_ReedXI_USA_c_525;D_Alaska2_1125_Walakpa_Alaska_c_1125_A2a1;D_Nunavut2_650_Tikilik_Nunavut_c_650_A1b1;AM-VH-21_VistaHermosa_Mexico_c_600;Nunura_6_HuacaAmarilla_Peru_d_882.5;D_California1_2000_SantaRosa_USA_c_2000;D_California1_4000_ChannelIslands_USA_c_4000_A2b3;D_Weyanoke1_680_Hatch_USA_d_680;JR_135139_Jamestown_USA_c_409;JR_118236_Jamestown_USA_c_409;D_Labrador1_150_Uivak_Point1_Labrador_c_150;D_Nunavut4_650_PordenPoint_Nunavut_c_650;Az-316_TizayucaR6_Mexico_c_1100_A2b1a;Az-1923_TizayucaR5_Mexico_d_408;Az-1937_TizayucaR5_Mexico_c_1100;Nunura_14_HuacaAmarilla_Peru_c_825;Nunura_8_HuacaAmarilla_Peru_d_882;ANH38_Weyanoke_USA_c_960;D_Ohio1_700_Reinhardt_USA_d_725;JR_73052_Jamestown_USA_c_409;D_Alaska1_1230_Uyak_Alaska_c_1230;D_Alaska1_1695_Uyak_Alaska_c_1695;D_Nunavut1_700_Talaguak_Nunavut_c_700;D_Alaska1_3763_TeshekpukLake_Alaska_c_3763;D_Nunavut1_675_PealePoint_Nunavut_c_675;D_Labrador1_200_DoubleMerPoint_Labrador_c_200;MCZ44669_Hopedale_Canada_NA;0204-0531_Wichqana_Peru_c_2675;Nunura_15_HuacaAmarilla_Peru_c_825;D_Alabama1_2250_CoxSite_USA_c_2250_A2b4;D_Ohio5_2200_Scioto_USA_c_2200_A2b4;JR_68100_Jamestown_USA_c_409;D_BColumbia2_1500_PrinceRupert_Canada_c_1500_A2b5;Az-4985_MalpaisPrieto_Mexico_c_650;D_Alabama1_5000_FlintRiver_USA_c_5000;D_Ohio3_2200_Scioto_USA_c_2200_A2b4;D_Ohio2_1900_HolderWrightFarm_USA_c_1900;D_PrinceRupert1_1500_PrinceRupert_Canada_c_1500_A2b5;SC1061_Chondorko_Ecuador_c_833_A2b1a;D_Argentina1_1000_CerroLutz_Argentina_c_1000_A2b1a;PM4-N3_PlayaMiller-4_Chile_d_1008;Til_1_n8_Pucar_deTilcara_Argentina_d_750;Az-1274_TizayucaR5_Mexico_c_1100;Az-1930_LasGolondrinas_Mexico_d_476;Az-1932_ElChato_Mexico_c_1100;D_Illinois3_1700_Snyders_USA_c_1700;D_JaneyBGoode3_1000_JaneyBGoode_USA_c_1200_A2b4;D_Ohio4_2200_Scioto_USA_c_2200_A2b4;D_Alaska1_25_Cape_Dyer_Alaska_c_25_A2b5;700_00_Chondorko_Ecuador_d_843;Nunura_13_HuacaAmarilla_Peru_c_825;Individuo_1_Pucar_deTilcara_Argentina_d_425;SC1056_Tilcara_Argentina_c_950;Az-464_TizayucaR6_Mexico_c_1100;Az-1936_TizayucaR5_Mexico_c_1100;D_AngelMound2_1000_AngelMounds_USA_c_1000_A2b4;D_AngelMound3_1000_AngelMounds_USA_c_1000_A2b4;D_JaneyBGoode1_1000_JaneyBGoode_USA_c_1000;D_JaneyBGoode2_1000_JaneyBGoode_USA_c_1000_A2b_;D_Ohio2_2200_Scioto_USA_c_2200_A2b4;D_Ohio6_2200_Scioto_USA_c_2200;D_Alaska2_620_CapeEspenberg_Alaska_c_620_A2b5;Nunura_4_HuacaAmarilla_Peru_d_882;Nunura_16_HuacaAmarilla_Peru_c_825;Az-1929_TizayucaR5_Mexico_c_1100;Az-1944_LasGolondrinas_Mexico_c_1525;Az-749_LasGolondrinas_Mexico_d_1480;D_Mayapan1_1000_Mayapan_Mexico_c_1000_A2b1a;D_Alaska1_400_CapeEspenberg_Alaska_c_400_A2b5;D_Alaska1_740_Ahteut_Alaska_c_740_A2b5;Nunura_25_HuacaGrande_Peru_d_883;Nunura_30_HuacaGrande_Peru_d_883;Nunura_1_HuacaAmarilla_Peru_d_720;Nunura_26_HuacaGrande_Peru_d_883;Nunura_2_HuacaAmarilla_Peru_d_720;Nunura_17_HuacaAmarilla_Peru_d_846.5;Nunura_18_HuacaAmarilla_Peru_d_846.5;Nunura_19_HuacaAmarilla_Peru_d_865;Nunura_29_HuacaGrande_Peru_d_883;Az-1934_TizayucaR5_Mexico_d_1020_A2b1a;Az-314_TizayucaR6_Mexico_d_980_A2b1a;Az-1791_TizayucaR5_Mexico_d_546_A2b1a;Az-1947_LasGolondrinas_Mexico_c_1525;D_Mayapan2_1000_Mayapan_Mexico_c_1000_A2b1a;Nunura_28_HuacaGrande_Peru_d_883;Nunura_24_HuacaGrande_Peru_d_883;Nunura_12_HuacaAmarilla_Peru_c_825;Nunura_20_HuacaAmarilla_Peru_d_865;Az-1273_TizayucaR5_Mexico_c_1100;Az-657_TizayucaR6_Mexico_d_1090_A2b1a;Az-1661_TizayucaR5_Mexico_c_600;Az-1935_TizayucaR5_Mexico_d_1090;D_Mayapan3_1000_Mayapan_Mexico_c_1000_A2b1a;D_Mexico1_1000_Mayapan_Mexico_c_1000;Nunura_31_HuacaGrande_Peru_d_883;Nunura_10_HuacaAmarilla_Peru_d_882.5;Nunura_22_HuacaAmarilla_Peru_c_825;Nunura_23_HuacaGrande_Peru_d_882.5;Nunura_27_HuacaGrande_Peru_d_883;Nunura_5_HuacaAmarilla_Peru_d_882.5;0126-0384_Chilca_Peru_c_750_A2b1a;D_Mayapan1_450_Mayapan_Mexico_c_450;MCZ39564_Caylloma_Peru_NA,FALSE
185,85,A2b1a,3,Nunura_2_HuacaAmarilla_Peru_d_720;Nunura_12_HuacaAmarilla_Peru_c_825;Nunura_20_HuacaAmarilla_Peru_d_865,TRUE
209,85,A2b1a,2,Az-1934_TizayucaR5_Mexico_d_1020_A2b1a;Az-314_TizayucaR6_Mexico_d_980_A2b1a,TRUE
154,83,NA,135,D_Alaska1_100_PointHope_Alaska_c_100;D_Alaska1_2200_Chugachik_Alaska_c_2200;D_Colorado1_1100_GrassMesa_USA_c_1100_A2b1b;D_Illinois1_1200_JaneyBGoode_USA_c_1200_A2b4;D_Ohio1_2200_Scioto_USA_c_2200_A2b4;D_JaguarCave1_1400_JaguarCave_USA_d_1400_A2b3;D_Nunavut1_350_Haa_Nunavut_c_350;D_Alabama2_5000_LittleBear_USA_c_3000;D_Nunavut1_425_Silumiut_Nunavut_c_425;Az-563_TizayucaR5_Mexico_c_1100_A2b1a;D_Illinois1_8500_Koster_USA_c_8500_A2b2;D_Koster1_9905_Koster_USA_d_9905_A2b2;D_Illinois2_1700_Snyders_USA_c_1700;D_Nunavut1_1000_Tikilik_Nunavut_c_1000;D_California1_5000_NorthHead_USA_c_5000;D_California4_4000_CanadaVerde_USA_c_4000;MCZ7408_Hopedale_Canada_NA;D_AngelMound4_1000_AngelMounds_USA_c_1000_A2b;D_Mississippi1_675_Oliver_USA_c_365;D_Colorado1_1200_McPhee_USA_c_1200;D_AngelMound1_1000_AngelMounds_USA_c_1000_A2b2;Az-1931_TizayucaR5_Mexico_c_1100;D_California2_4000_ChannelIslands_USA_c_4000_A2b1b;D_Illinois1_NA_AppleCreek_USA_c_2500_A2b2;D_Newfoundland1_4500_PortauChoix_Canada_d_4500_A2b2;D_Colorado1_800_YellowJacket_USA_c_800_A2b2;Mcz51780_JaguarCave_USA_NA;JR_75943_Jamestown_USA_c_409;D_LittleB1_5000_LittleBear_USA_c_5000_A2b4;D_Missouri1_8385_Modoc_USA_d_8385_A2b4;D_JaguarCave1_10370_JaguarCave_USA_d_10370;D_California1_NA_NorthHead_USA_c_5000;SG0892_L1_A1_ReedXI_USA_c_525;D_Alaska2_1125_Walakpa_Alaska_c_1125_A2a1;D_Nunavut2_650_Tikilik_Nunavut_c_650_A1b1;AM-VH-21_VistaHermosa_Mexico_c_600;Nunura_6_HuacaAmarilla_Peru_d_882.5;D_California1_2000_SantaRosa_USA_c_2000;D_California1_4000_ChannelIslands_USA_c_4000_A2b3;D_Weyanoke1_680_Hatch_USA_d_680;JR_135139_Jamestown_USA_c_409;JR_118236_Jamestown_USA_c_409;D_Labrador1_150_Uivak_Point1_Labrador_c_150;D_Nunavut4_650_PordenPoint_Nunavut_c_650;Az-316_TizayucaR6_Mexico_c_1100_A2b1a;Az-1923_TizayucaR5_Mexico_d_408;Az-1937_TizayucaR5_Mexico_c_1100;Nunura_14_HuacaAmarilla_Peru_c_825;Nunura_8_HuacaAmarilla_Peru_d_882;ANH38_Weyanoke_USA_c_960;D_Ohio1_700_Reinhardt_USA_d_725;JR_73052_Jamestown_USA_c_409;D_Alaska1_1230_Uyak_Alaska_c_1230;D_Alaska1_1695_Uyak_Alaska_c_1695;D_Nunavut1_700_Talaguak_Nunavut_c_700;D_Alaska1_3763_TeshekpukLake_Alaska_c_3763;D_Nunavut1_675_PealePoint_Nunavut_c_675;D_Labrador1_200_DoubleMerPoint_Labrador_c_200;MCZ44669_Hopedale_Canada_NA;0204-0531_Wichqana_Peru_c_2675;Nunura_15_HuacaAmarilla_Peru_c_825;D_Alabama1_2250_CoxSite_USA_c_2250_A2b4;D_Ohio5_2200_Scioto_USA_c_2200_A2b4;JR_68100_Jamestown_USA_c_409;D_BColumbia2_1500_PrinceRupert_Canada_c_1500_A2b5;Az-4985_MalpaisPrieto_Mexico_c_650;D_Alabama1_5000_FlintRiver_USA_c_5000;D_Ohio3_2200_Scioto_USA_c_2200_A2b4;D_Ohio2_1900_HolderWrightFarm_USA_c_1900;D_PrinceRupert1_1500_PrinceRupert_Canada_c_1500_A2b5;SC1061_Chondorko_Ecuador_c_833_A2b1a;D_Argentina1_1000_CerroLutz_Argentina_c_1000_A2b1a;PM4-N3_PlayaMiller-4_Chile_d_1008;Til_1_n8_Pucar_deTilcara_Argentina_d_750;Az-1274_TizayucaR5_Mexico_c_1100;Az-1930_LasGolondrinas_Mexico_d_476;Az-1932_ElChato_Mexico_c_1100;D_Illinois3_1700_Snyders_USA_c_1700;D_JaneyBGoode3_1000_JaneyBGoode_USA_c_1200_A2b4;D_Ohio4_2200_Scioto_USA_c_2200_A2b4;D_Alaska1_25_Cape_Dyer_Alaska_c_25_A2b5;700_00_Chondorko_Ecuador_d_843;Nunura_13_HuacaAmarilla_Peru_c_825;Individuo_1_Pucar_deTilcara_Argentina_d_425;SC1056_Tilcara_Argentina_c_950;Az-464_TizayucaR6_Mexico_c_1100;Az-1936_TizayucaR5_Mexico_c_1100;D_AngelMound2_1000_AngelMounds_USA_c_1000_A2b4;D_AngelMound3_1000_AngelMounds_USA_c_1000_A2b4;D_JaneyBGoode1_1000_JaneyBGoode_USA_c_1000;D_JaneyBGoode2_1000_JaneyBGoode_USA_c_1000_A2b_;D_Ohio2_2200_Scioto_USA_c_2200_A2b4;D_Ohio6_2200_Scioto_USA_c_2200;D_Alaska2_620_CapeEspenberg_Alaska_c_620_A2b5;Nunura_4_HuacaAmarilla_Peru_d_882;Nunura_16_HuacaAmarilla_Peru_c_825;Az-1929_TizayucaR5_Mexico_c_1100;Az-1944_LasGolondrinas_Mexico_c_1525;Az-749_LasGolondrinas_Mexico_d_1480;D_Mayapan1_1000_Mayapan_Mexico_c_1000_A2b1a;D_Alaska1_400_CapeEspenberg_Alaska_c_400_A2b5;D_Alaska1_740_Ahteut_Alaska_c_740_A2b5;Nunura_25_HuacaGrande_Peru_d_883;Nunura_30_HuacaGrande_Peru_d_883;Nunura_1_HuacaAmarilla_Peru_d_720;Nunura_26_HuacaGrande_Peru_d_883;Nunura_2_HuacaAmarilla_Peru_d_720;Nunura_17_HuacaAmarilla_Peru_d_846.5;Nunura_18_HuacaAmarilla_Peru_d_846.5;Nunura_19_HuacaAmarilla_Peru_d_865;Nunura_29_HuacaGrande_Peru_d_883;Az-1934_TizayucaR5_Mexico_d_1020_A2b1a;Az-314_TizayucaR6_Mexico_d_980_A2b1a;Az-1791_TizayucaR5_Mexico_d_546_A2b1a;Az-1947_LasGolondrinas_Mexico_c_1525;D_Mayapan2_1000_Mayapan_Mexico_c_1000_A2b1a;Nunura_28_HuacaGrande_Peru_d_883;Nunura_24_HuacaGrande_Peru_d_883;Nunura_12_HuacaAmarilla_Peru_c_825;Nunura_20_HuacaAmarilla_Peru_d_865;Az-1273_TizayucaR5_Mexico_c_1100;Az-657_TizayucaR6_Mexico_d_1090_A2b1a;Az-1661_TizayucaR5_Mexico_c_600;Az-1935_TizayucaR5_Mexico_d_1090;D_Mayapan3_1000_Mayapan_Mexico_c_1000_A2b1a;D_Mexico1_1000_Mayapan_Mexico_c_1000;Nunura_31_HuacaGrande_Peru_d_883;Nunura_10_HuacaAmarilla_Peru_d_882.5;Nunura_22_HuacaAmarilla_Peru_c_825;Nunura_23_HuacaGrande_Peru_d_882.5;Nunura_27_HuacaGrande_Peru_d_883;Nunura_5_HuacaAmarilla_Peru_d_882.5;0126-0384_Chilca_Peru_c_750_A2b1a;D_Mayapan1_450_Mayapan_Mexico_c_450;MCZ39564_Caylloma_Peru_NA,FALSE
181,83,A2b1a,8,Nunura_4_HuacaAmarilla_Peru_d_882;Nunura_1_HuacaAmarilla_Peru_d_720;Nunura_26_HuacaGrande_Peru_d_883;Nunura_2_HuacaAmarilla_Peru_d_720;Nunura_17_HuacaAmarilla_Peru_d_846.5;Nunura_18_HuacaAmarilla_Peru_d_846.5;Nunura_12_HuacaAmarilla_Peru_c_825;Nunura_20_HuacaAmarilla_Peru_d_865,TRUE
198,83,A2b1a,22,Az-316_TizayucaR6_Mexico_c_1100_A2b1a;Az-4985_MalpaisPrieto_Mexico_c_650;Az-1274_TizayucaR5_Mexico_c_1100;Az-1930_LasGolondrinas_Mexico_d_476;Az-1932_ElChato_Mexico_c_1100;Az-464_TizayucaR6_Mexico_c_1100;Az-1936_TizayucaR5_Mexico_c_1100;Az-1929_TizayucaR5_Mexico_c_1100;Az-1944_LasGolondrinas_Mexico_c_1525;Az-749_LasGolondrinas_Mexico_d_1480;D_Mayapan1_1000_Mayapan_Mexico_c_1000_A2b1a;Az-1934_TizayucaR5_Mexico_d_1020_A2b1a;Az-314_TizayucaR6_Mexico_d_980_A2b1a;Az-1791_TizayucaR5_Mexico_d_546_A2b1a;Az-1947_LasGolondrinas_Mexico_c_1525;D_Mayapan2_1000_Mayapan_Mexico_c_1000_A2b1a;Az-1273_TizayucaR5_Mexico_c_1100;Az-657_TizayucaR6_Mexico_d_1090_A2b1a;Az-1661_TizayucaR5_Mexico_c_600;Az-1935_TizayucaR5_Mexico_d_1090;D_Mayapan3_1000_Mayapan_Mexico_c_1000_A2b1a;D_Mexico1_1000_Mayapan_Mexico_c_1000,TRUE
299,83,A1b1,3,D_Alaska3_500_Nunalleq_USA_c_500_A1b1;D_Alaska1_500_Nunalleq_USA_c_500;D_Alaska5_500_Nunalleq_USA_c_500,TRUE
230,82,A2b2,3,D_AngelMound1_1000_AngelMounds_USA_c_1000_A2b2;D_Illinois1_NA_AppleCreek_USA_c_2500_A2b2;D_Newfoundland1_4500_PortauChoix_Canada_d_4500_A2b2,TRUE
269,81,A2b5,5,D_PrinceRupert1_1500_PrinceRupert_Canada_c_1500_A2b5;D_Alaska1_25_Cape_Dyer_Alaska_c_25_A2b5;D_Alaska2_620_CapeEspenberg_Alaska_c_620_A2b5;D_Alaska1_400_CapeEspenberg_Alaska_c_400_A2b5;D_Alaska1_740_Ahteut_Alaska_c_740_A2b5,TRUE
272,81,A2b5,2,D_Alaska1_400_CapeEspenberg_Alaska_c_400_A2b5;D_Alaska1_740_Ahteut_Alaska_c_740_A2b5,TRUE
300,81,A1b1,2,D_Alaska1_500_Nunalleq_USA_c_500;D_Alaska5_500_Nunalleq_USA_c_500,TRUE
219,79,A2b1a,2,Az-1923_TizayucaR5_Mexico_d_408;Az-1937_TizayucaR5_Mexico_c_1100,TRUE
271,78,A2b5,3,D_Alaska2_620_CapeEspenberg_Alaska_c_620_A2b5;D_Alaska1_400_CapeEspenberg_Alaska_c_400_A2b5;D_Alaska1_740_Ahteut_Alaska_c_740_A2b5,TRUE
164,76,A2b1a,28,0204-0531_Wichqana_Peru_c_2675;SC1061_Chondorko_Ecuador_c_833_A2b1a;700_00_Chondorko_Ecuador_d_843;Nunura_13_HuacaAmarilla_Peru_c_825;Nunura_4_HuacaAmarilla_Peru_d_882;Nunura_16_HuacaAmarilla_Peru_c_825;Nunura_25_HuacaGrande_Peru_d_883;Nunura_30_HuacaGrande_Peru_d_883;Nunura_1_HuacaAmarilla_Peru_d_720;Nunura_26_HuacaGrande_Peru_d_883;Nunura_2_HuacaAmarilla_Peru_d_720;Nunura_17_HuacaAmarilla_Peru_d_846.5;Nunura_18_HuacaAmarilla_Peru_d_846.5;Nunura_19_HuacaAmarilla_Peru_d_865;Nunura_29_HuacaGrande_Peru_d_883;Nunura_28_HuacaGrande_Peru_d_883;Nunura_24_HuacaGrande_Peru_d_883;Nunura_12_HuacaAmarilla_Peru_c_825;Nunura_20_HuacaAmarilla_Peru_d_865;Nunura_31_HuacaGrande_Peru_d_883;Nunura_10_HuacaAmarilla_Peru_d_882.5;Nunura_22_HuacaAmarilla_Peru_c_825;Nunura_23_HuacaGrande_Peru_d_882.5;Nunura_27_HuacaGrande_Peru_d_883;Nunura_5_HuacaAmarilla_Peru_d_882.5;0126-0384_Chilca_Peru_c_750_A2b1a;D_Mayapan1_450_Mayapan_Mexico_c_450;MCZ39564_Caylloma_Peru_NA,TRUE
241,76,A2b4,21,D_LittleB1_5000_LittleBear_USA_c_5000_A2b4;D_Missouri1_8385_Modoc_USA_d_8385_A2b4;JR_118236_Jamestown_USA_c_409;ANH38_Weyanoke_USA_c_960;D_Ohio1_700_Reinhardt_USA_d_725;JR_73052_Jamestown_USA_c_409;D_Alabama1_2250_CoxSite_USA_c_2250_A2b4;D_Ohio5_2200_Scioto_USA_c_2200_A2b4;JR_68100_Jamestown_USA_c_409;D_Alabama1_5000_FlintRiver_USA_c_5000;D_Ohio3_2200_Scioto_USA_c_2200_A2b4;D_Ohio2_1900_HolderWrightFarm_USA_c_1900;D_Illinois3_1700_Snyders_USA_c_1700;D_JaneyBGoode3_1000_JaneyBGoode_USA_c_1200_A2b4;D_Ohio4_2200_Scioto_USA_c_2200_A2b4;D_AngelMound2_1000_AngelMounds_USA_c_1000_A2b4;D_AngelMound3_1000_AngelMounds_USA_c_1000_A2b4;D_JaneyBGoode1_1000_JaneyBGoode_USA_c_1000;D_JaneyBGoode2_1000_JaneyBGoode_USA_c_1000_A2b_;D_Ohio2_2200_Scioto_USA_c_2200_A2b4;D_Ohio6_2200_Scioto_USA_c_2200,TRUE
298,76,A1b1,4,D_Alaska2_500_Nunalleq_USA_c_500;D_Alaska3_500_Nunalleq_USA_c_500_A1b1;D_Alaska1_500_Nunalleq_USA_c_500;D_Alaska5_500_Nunalleq_USA_c_500,TRUE
183,75,A2b1a,2,Nunura_1_HuacaAmarilla_Peru_d_720;Nunura_26_HuacaGrande_Peru_d_883,TRUE
196,75,A2b1a,27,Nunura_6_HuacaAmarilla_Peru_d_882.5;Az-316_TizayucaR6_Mexico_c_1100_A2b1a;Az-1923_TizayucaR5_Mexico_d_408;Az-1937_TizayucaR5_Mexico_c_1100;Nunura_14_HuacaAmarilla_Peru_c_825;Nunura_8_HuacaAmarilla_Peru_d_882;Az-4985_MalpaisPrieto_Mexico_c_650;Az-1274_TizayucaR5_Mexico_c_1100;Az-1930_LasGolondrinas_Mexico_d_476;Az-1932_ElChato_Mexico_c_1100;Az-464_TizayucaR6_Mexico_c_1100;Az-1936_TizayucaR5_Mexico_c_1100;Az-1929_TizayucaR5_Mexico_c_1100;Az-1944_LasGolondrinas_Mexico_c_1525;Az-749_LasGolondrinas_Mexico_d_1480;D_Mayapan1_1000_Mayapan_Mexico_c_1000_A2b1a;Az-1934_TizayucaR5_Mexico_d_1020_A2b1a;Az-314_TizayucaR6_Mexico_d_980_A2b1a;Az-1791_TizayucaR5_Mexico_d_546_A2b1a;Az-1947_LasGolondrinas_Mexico_c_1525;D_Mayapan2_1000_Mayapan_Mexico_c_1000_A2b1a;Az-1273_TizayucaR5_Mexico_c_1100;Az-657_TizayucaR6_Mexico_d_1090_A2b1a;Az-1661_TizayucaR5_Mexico_c_600;Az-1935_TizayucaR5_Mexico_d_1090;D_Mayapan3_1000_Mayapan_Mexico_c_1000_A2b1a;D_Mexico1_1000_Mayapan_Mexico_c_1000,TRUE
202,74,A2b1a,6,Az-464_TizayucaR6_Mexico_c_1100;Az-1929_TizayucaR5_Mexico_c_1100;Az-1273_TizayucaR5_Mexico_c_1100;Az-657_TizayucaR6_Mexico_d_1090_A2b1a;Az-1661_TizayucaR5_Mexico_c_600;Az-1935_TizayucaR5_Mexico_d_1090,TRUE
288,74,A1b1,14,TRF.01.12_V52_Greenland_c_1000_A1a;D_Alaska1_825_CapeEspenberg_Alaska_c_825;ELOLIV-S-R27_El_Olivar_Chile_c_850;D_Alaska1_1105_Deering_Alaska_c_1105_A1a1;Obersten_Greenland_c_110_A1a;TRF.01.23_Deering_USA_c_400_A1b1;TRF.01.24_Deering_USA_c_422_A1a1;D_Nunavut3_650_Tikilik_Nunavut_c_650_A2a1;D_Alaska1_212_CapeEspenberg_Alaska_c_212_A1b1;D_Alaska1_620_CapeEspenberg_Alaska_c_620_A1b1;D_Alaska2_500_Nunalleq_USA_c_500;D_Alaska3_500_Nunalleq_USA_c_500_A1b1;D_Alaska1_500_Nunalleq_USA_c_500;D_Alaska5_500_Nunalleq_USA_c_500,TRUE
224,73,A2b1b,4,D_Colorado1_1200_McPhee_USA_c_1200;D_California2_4000_ChannelIslands_USA_c_4000_A2b1b;D_California1_2000_SantaRosa_USA_c_2000;D_California1_4000_ChannelIslands_USA_c_4000_A2b3,TRUE
242,72,A2b4,19,JR_118236_Jamestown_USA_c_409;ANH38_Weyanoke_USA_c_960;D_Ohio1_700_Reinhardt_USA_d_725;JR_73052_Jamestown_USA_c_409;D_Alabama1_2250_CoxSite_USA_c_2250_A2b4;D_Ohio5_2200_Scioto_USA_c_2200_A2b4;JR_68100_Jamestown_USA_c_409;D_Alabama1_5000_FlintRiver_USA_c_5000;D_Ohio3_2200_Scioto_USA_c_2200_A2b4;D_Ohio2_1900_HolderWrightFarm_USA_c_1900;D_Illinois3_1700_Snyders_USA_c_1700;D_JaneyBGoode3_1000_JaneyBGoode_USA_c_1200_A2b4;D_Ohio4_2200_Scioto_USA_c_2200_A2b4;D_AngelMound2_1000_AngelMounds_USA_c_1000_A2b4;D_AngelMound3_1000_AngelMounds_USA_c_1000_A2b4;D_JaneyBGoode1_1000_JaneyBGoode_USA_c_1000;D_JaneyBGoode2_1000_JaneyBGoode_USA_c_1000_A2b_;D_Ohio2_2200_Scioto_USA_c_2200_A2b4;D_Ohio6_2200_Scioto_USA_c_2200,TRUE
274,72,A2b5,2,D_California1_NA_NorthHead_USA_c_5000;SG0892_L1_A1_ReedXI_USA_c_525,TRUE
240,71,A2b4,22,D_Illinois2_1700_Snyders_USA_c_1700;D_LittleB1_5000_LittleBear_USA_c_5000_A2b4;D_Missouri1_8385_Modoc_USA_d_8385_A2b4;JR_118236_Jamestown_USA_c_409;ANH38_Weyanoke_USA_c_960;D_Ohio1_700_Reinhardt_USA_d_725;JR_73052_Jamestown_USA_c_409;D_Alabama1_2250_CoxSite_USA_c_2250_A2b4;D_Ohio5_2200_Scioto_USA_c_2200_A2b4;JR_68100_Jamestown_USA_c_409;D_Alabama1_5000_FlintRiver_USA_c_5000;D_Ohio3_2200_Scioto_USA_c_2200_A2b4;D_Ohio2_1900_HolderWrightFarm_USA_c_1900;D_Illinois3_1700_Snyders_USA_c_1700;D_JaneyBGoode3_1000_JaneyBGoode_USA_c_1200_A2b4;D_Ohio4_2200_Scioto_USA_c_2200_A2b4;D_AngelMound2_1000_AngelMounds_USA_c_1000_A2b4;D_AngelMound3_1000_AngelMounds_USA_c_1000_A2b4;D_JaneyBGoode1_1000_JaneyBGoode_USA_c_1000;D_JaneyBGoode2_1000_JaneyBGoode_USA_c_1000_A2b_;D_Ohio2_2200_Scioto_USA_c_2200_A2b4;D_Ohio6_2200_Scioto_USA_c_2200,TRUE
261,71,A2b5,16,D_JaguarCave1_1400_JaguarCave_USA_d_1400_A2b3;D_Nunavut1_1000_Tikilik_Nunavut_c_1000;D_California1_5000_NorthHead_USA_c_5000;D_California4_4000_CanadaVerde_USA_c_4000;D_JaguarCave1_10370_JaguarCave_USA_d_10370;D_California1_NA_NorthHead_USA_c_5000;SG0892_L1_A1_ReedXI_USA_c_525;D_Alaska1_1230_Uyak_Alaska_c_1230;D_Alaska1_1695_Uyak_Alaska_c_1695;D_Nunavut1_700_Talaguak_Nunavut_c_700;D_BColumbia2_1500_PrinceRupert_Canada_c_1500_A2b5;D_PrinceRupert1_1500_PrinceRupert_Canada_c_1500_A2b5;D_Alaska1_25_Cape_Dyer_Alaska_c_25_A2b5;D_Alaska2_620_CapeEspenberg_Alaska_c_620_A2b5;D_Alaska1_400_CapeEspenberg_Alaska_c_400_A2b5;D_Alaska1_740_Ahteut_Alaska_c_740_A2b5,TRUE
262,71,A2b5,15,D_Nunavut1_1000_Tikilik_Nunavut_c_1000;D_California1_5000_NorthHead_USA_c_5000;D_California4_4000_CanadaVerde_USA_c_4000;D_JaguarCave1_10370_JaguarCave_USA_d_10370;D_California1_NA_NorthHead_USA_c_5000;SG0892_L1_A1_ReedXI_USA_c_525;D_Alaska1_1230_Uyak_Alaska_c_1230;D_Alaska1_1695_Uyak_Alaska_c_1695;D_Nunavut1_700_Talaguak_Nunavut_c_700;D_BColumbia2_1500_PrinceRupert_Canada_c_1500_A2b5;D_PrinceRupert1_1500_PrinceRupert_Canada_c_1500_A2b5;D_Alaska1_25_Cape_Dyer_Alaska_c_25_A2b5;D_Alaska2_620_CapeEspenberg_Alaska_c_620_A2b5;D_Alaska1_400_CapeEspenberg_Alaska_c_400_A2b5;D_Alaska1_740_Ahteut_Alaska_c_740_A2b5,TRUE
263,71,A2b5,13,D_Nunavut1_1000_Tikilik_Nunavut_c_1000;D_JaguarCave1_10370_JaguarCave_USA_d_10370;D_California1_NA_NorthHead_USA_c_5000;SG0892_L1_A1_ReedXI_USA_c_525;D_Alaska1_1230_Uyak_Alaska_c_1230;D_Alaska1_1695_Uyak_Alaska_c_1695;D_Nunavut1_700_Talaguak_Nunavut_c_700;D_BColumbia2_1500_PrinceRupert_Canada_c_1500_A2b5;D_PrinceRupert1_1500_PrinceRupert_Canada_c_1500_A2b5;D_Alaska1_25_Cape_Dyer_Alaska_c_25_A2b5;D_Alaska2_620_CapeEspenberg_Alaska_c_620_A2b5;D_Alaska1_400_CapeEspenberg_Alaska_c_400_A2b5;D_Alaska1_740_Ahteut_Alaska_c_740_A2b5,TRUE
155,70,NA,122,D_Colorado1_1100_GrassMesa_USA_c_1100_A2b1b;D_Illinois1_1200_JaneyBGoode_USA_c_1200_A2b4;D_Ohio1_2200_Scioto_USA_c_2200_A2b4;D_JaguarCave1_1400_JaguarCave_USA_d_1400_A2b3;D_Alabama2_5000_LittleBear_USA_c_3000;Az-563_TizayucaR5_Mexico_c_1100_A2b1a;D_Illinois1_8500_Koster_USA_c_8500_A2b2;D_Koster1_9905_Koster_USA_d_9905_A2b2;D_Illinois2_1700_Snyders_USA_c_1700;D_Nunavut1_1000_Tikilik_Nunavut_c_1000;D_California1_5000_NorthHead_USA_c_5000;D_California4_4000_CanadaVerde_USA_c_4000;D_AngelMound4_1000_AngelMounds_USA_c_1000_A2b;D_Mississippi1_675_Oliver_USA_c_365;D_Colorado1_1200_McPhee_USA_c_1200;D_AngelMound1_1000_AngelMounds_USA_c_1000_A2b2;Az-1931_TizayucaR5_Mexico_c_1100;D_California2_4000_ChannelIslands_USA_c_4000_A2b1b;D_Illinois1_NA_AppleCreek_USA_c_2500_A2b2;D_Newfoundland1_4500_PortauChoix_Canada_d_4500_A2b2;D_Colorado1_800_YellowJacket_USA_c_800_A2b2;Mcz51780_JaguarCave_USA_NA;JR_75943_Jamestown_USA_c_409;D_LittleB1_5000_LittleBear_USA_c_5000_A2b4;D_Missouri1_8385_Modoc_USA_d_8385_A2b4;D_JaguarCave1_10370_JaguarCave_USA_d_10370;D_California1_NA_NorthHead_USA_c_5000;SG0892_L1_A1_ReedXI_USA_c_525;AM-VH-21_VistaHermosa_Mexico_c_600;Nunura_6_HuacaAmarilla_Peru_d_882.5;D_California1_2000_SantaRosa_USA_c_2000;D_California1_4000_ChannelIslands_USA_c_4000_A2b3;D_Weyanoke1_680_Hatch_USA_d_680;JR_135139_Jamestown_USA_c_409;JR_118236_Jamestown_USA_c_409;Az-316_TizayucaR6_Mexico_c_1100_A2b1a;Az-1923_TizayucaR5_Mexico_d_408;Az-1937_TizayucaR5_Mexico_c_1100;Nunura_14_HuacaAmarilla_Peru_c_825;Nunura_8_HuacaAmarilla_Peru_d_882;ANH38_Weyanoke_USA_c_960;D_Ohio1_700_Reinhardt_USA_d_725;JR_73052_Jamestown_USA_c_409;D_Alaska1_1230_Uyak_Alaska_c_1230;D_Alaska1_1695_Uyak_Alaska_c_1695;D_Nunavut1_700_Talaguak_Nunavut_c_700;0204-0531_Wichqana_Peru_c_2675;Nunura_15_HuacaAmarilla_Peru_c_825;D_Alabama1_2250_CoxSite_USA_c_2250_A2b4;D_Ohio5_2200_Scioto_USA_c_2200_A2b4;JR_68100_Jamestown_USA_c_409;D_BColumbia2_1500_PrinceRupert_Canada_c_1500_A2b5;Az-4985_MalpaisPrieto_Mexico_c_650;D_Alabama1_5000_FlintRiver_USA_c_5000;D_Ohio3_2200_Scioto_USA_c_2200_A2b4;D_Ohio2_1900_HolderWrightFarm_USA_c_1900;D_PrinceRupert1_1500_PrinceRupert_Canada_c_1500_A2b5;SC1061_Chondorko_Ecuador_c_833_A2b1a;D_Argentina1_1000_CerroLutz_Argentina_c_1000_A2b1a;PM4-N3_PlayaMiller-4_Chile_d_1008;Til_1_n8_Pucar_deTilcara_Argentina_d_750;Az-1274_TizayucaR5_Mexico_c_1100;Az-1930_LasGolondrinas_Mexico_d_476;Az-1932_ElChato_Mexico_c_1100;D_Illinois3_1700_Snyders_USA_c_1700;D_JaneyBGoode3_1000_JaneyBGoode_USA_c_1200_A2b4;D_Ohio4_2200_Scioto_USA_c_2200_A2b4;D_Alaska1_25_Cape_Dyer_Alaska_c_25_A2b5;700_00_Chondorko_Ecuador_d_843;Nunura_13_HuacaAmarilla_Peru_c_825;Individuo_1_Pucar_deTilcara_Argentina_d_425;SC1056_Tilcara_Argentina_c_950;Az-464_TizayucaR6_Mexico_c_1100;Az-1936_TizayucaR5_Mexico_c_1100;D_AngelMound2_1000_AngelMounds_USA_c_1000_A2b4;D_AngelMound3_1000_AngelMounds_USA_c_1000_A2b4;D_JaneyBGoode1_1000_JaneyBGoode_USA_c_1000;D_JaneyBGoode2_1000_JaneyBGoode_USA_c_1000_A2b_;D_Ohio2_2200_Scioto_USA_c_2200_A2b4;D_Ohio6_2200_Scioto_USA_c_2200;D_Alaska2_620_CapeEspenberg_Alaska_c_620_A2b5;Nunura_4_HuacaAmarilla_Peru_d_882;Nunura_16_HuacaAmarilla_Peru_c_825;Az-1929_TizayucaR5_Mexico_c_1100;Az-1944_LasGolondrinas_Mexico_c_1525;Az-749_LasGolondrinas_Mexico_d_1480;D_Mayapan1_1000_Mayapan_Mexico_c_1000_A2b1a;D_Alaska1_400_CapeEspenberg_Alaska_c_400_A2b5;D_Alaska1_740_Ahteut_Alaska_c_740_A2b5;Nunura_25_HuacaGrande_Peru_d_883;Nunura_30_HuacaGrande_Peru_d_883;Nunura_1_HuacaAmarilla_Peru_d_720;Nunura_26_HuacaGrande_Peru_d_883;Nunura_2_HuacaAmarilla_Peru_d_720;Nunura_17_HuacaAmarilla_Peru_d_846.5;Nunura_18_HuacaAmarilla_Peru_d_846.5;Nunura_19_HuacaAmarilla_Peru_d_865;Nunura_29_HuacaGrande_Peru_d_883;Az-1934_TizayucaR5_Mexico_d_1020_A2b1a;Az-314_TizayucaR6_Mexico_d_980_A2b1a;Az-1791_TizayucaR5_Mexico_d_546_A2b1a;Az-1947_LasGolondrinas_Mexico_c_1525;D_Mayapan2_1000_Mayapan_Mexico_c_1000_A2b1a;Nunura_28_HuacaGrande_Peru_d_883;Nunura_24_HuacaGrande_Peru_d_883;Nunura_12_HuacaAmarilla_Peru_c_825;Nunura_20_HuacaAmarilla_Peru_d_865;Az-1273_TizayucaR5_Mexico_c_1100;Az-657_TizayucaR6_Mexico_d_1090_A2b1a;Az-1661_TizayucaR5_Mexico_c_600;Az-1935_TizayucaR5_Mexico_d_1090;D_Mayapan3_1000_Mayapan_Mexico_c_1000_A2b1a;D_Mexico1_1000_Mayapan_Mexico_c_1000;Nunura_31_HuacaGrande_Peru_d_883;Nunura_10_HuacaAmarilla_Peru_d_882.5;Nunura_22_HuacaAmarilla_Peru_c_825;Nunura_23_HuacaGrande_Peru_d_882.5;Nunura_27_HuacaGrande_Peru_d_883;Nunura_5_HuacaAmarilla_Peru_d_882.5;0126-0384_Chilca_Peru_c_750_A2b1a;D_Mayapan1_450_Mayapan_Mexico_c_450;MCZ39564_Caylloma_Peru_NA,FALSE
180,69,A2b1a,12,Nunura_13_HuacaAmarilla_Peru_c_825;Nunura_4_HuacaAmarilla_Peru_d_882;Nunura_16_HuacaAmarilla_Peru_c_825;Nunura_1_HuacaAmarilla_Peru_d_720;Nunura_26_HuacaGrande_Peru_d_883;Nunura_2_HuacaAmarilla_Peru_d_720;Nunura_17_HuacaAmarilla_Peru_d_846.5;Nunura_18_HuacaAmarilla_Peru_d_846.5;Nunura_19_HuacaAmarilla_Peru_d_865;Nunura_29_HuacaGrande_Peru_d_883;Nunura_12_HuacaAmarilla_Peru_c_825;Nunura_20_HuacaAmarilla_Peru_d_865,FALSE
182,69,A2b1a,3,Nunura_4_HuacaAmarilla_Peru_d_882;Nunura_1_HuacaAmarilla_Peru_d_720;Nunura_26_HuacaGrande_Peru_d_883,FALSE
264,69,A2b5,12,D_JaguarCave1_10370_JaguarCave_USA_d_10370;D_California1_NA_NorthHead_USA_c_5000;SG0892_L1_A1_ReedXI_USA_c_525;D_Alaska1_1230_Uyak_Alaska_c_1230;D_Alaska1_1695_Uyak_Alaska_c_1695;D_Nunavut1_700_Talaguak_Nunavut_c_700;D_BColumbia2_1500_PrinceRupert_Canada_c_1500_A2b5;D_PrinceRupert1_1500_PrinceRupert_Canada_c_1500_A2b5;D_Alaska1_25_Cape_Dyer_Alaska_c_25_A2b5;D_Alaska2_620_CapeEspenberg_Alaska_c_620_A2b5;D_Alaska1_400_CapeEspenberg_Alaska_c_400_A2b5;D_Alaska1_740_Ahteut_Alaska_c_740_A2b5,FALSE
279,69,A2a1,10,D_Nunavut1_425_Silumiut_Nunavut_c_425;MCZ7408_Hopedale_Canada_NA;D_Alaska2_1125_Walakpa_Alaska_c_1125_A2a1;D_Nunavut2_650_Tikilik_Nunavut_c_650_A1b1;D_Labrador1_150_Uivak_Point1_Labrador_c_150;D_Nunavut4_650_PordenPoint_Nunavut_c_650;D_Alaska1_3763_TeshekpukLake_Alaska_c_3763;D_Nunavut1_675_PealePoint_Nunavut_c_675;D_Labrador1_200_DoubleMerPoint_Labrador_c_200;MCZ44669_Hopedale_Canada_NA,FALSE
200,67,A2b1a,11,Az-4985_MalpaisPrieto_Mexico_c_650;Az-464_TizayucaR6_Mexico_c_1100;Az-1936_TizayucaR5_Mexico_c_1100;Az-1929_TizayucaR5_Mexico_c_1100;Az-1944_LasGolondrinas_Mexico_c_1525;Az-1934_TizayucaR5_Mexico_d_1020_A2b1a;Az-314_TizayucaR6_Mexico_d_980_A2b1a;Az-1273_TizayucaR5_Mexico_c_1100;Az-657_TizayucaR6_Mexico_d_1090_A2b1a;Az-1661_TizayucaR5_Mexico_c_600;Az-1935_TizayucaR5_Mexico_d_1090,FALSE
201,67,A2b1a,10,Az-464_TizayucaR6_Mexico_c_1100;Az-1936_TizayucaR5_Mexico_c_1100;Az-1929_TizayucaR5_Mexico_c_1100;Az-1944_LasGolondrinas_Mexico_c_1525;Az-1934_TizayucaR5_Mexico_d_1020_A2b1a;Az-314_TizayucaR6_Mexico_d_980_A2b1a;Az-1273_TizayucaR5_Mexico_c_1100;Az-657_TizayucaR6_Mexico_d_1090_A2b1a;Az-1661_TizayucaR5_Mexico_c_600;Az-1935_TizayucaR5_Mexico_d_1090,FALSE
278,65,A2a1,11,D_Nunavut1_350_Haa_Nunavut_c_350;D_Nunavut1_425_Silumiut_Nunavut_c_425;MCZ7408_Hopedale_Canada_NA;D_Alaska2_1125_Walakpa_Alaska_c_1125_A2a1;D_Nunavut2_650_Tikilik_Nunavut_c_650_A1b1;D_Labrador1_150_Uivak_Point1_Labrador_c_150;D_Nunavut4_650_PordenPoint_Nunavut_c_650;D_Alaska1_3763_TeshekpukLake_Alaska_c_3763;D_Nunavut1_675_PealePoint_Nunavut_c_675;D_Labrador1_200_DoubleMerPoint_Labrador_c_200;MCZ44669_Hopedale_Canada_NA,FALSE
176,63,A2b1a,2,Nunura_27_HuacaGrande_Peru_d_883;Nunura_5_HuacaAmarilla_Peru_d_882.5,FALSE
239,62,A2b4,23,D_Alabama2_5000_LittleBear_USA_c_3000;D_Illinois2_1700_Snyders_USA_c_1700;D_LittleB1_5000_LittleBear_USA_c_5000_A2b4;D_Missouri1_8385_Modoc_USA_d_8385_A2b4;JR_118236_Jamestown_USA_c_409;ANH38_Weyanoke_USA_c_960;D_Ohio1_700_Reinhardt_USA_d_725;JR_73052_Jamestown_USA_c_409;D_Alabama1_2250_CoxSite_USA_c_2250_A2b4;D_Ohio5_2200_Scioto_USA_c_2200_A2b4;JR_68100_Jamestown_USA_c_409;D_Alabama1_5000_FlintRiver_USA_c_5000;D_Ohio3_2200_Scioto_USA_c_2200_A2b4;D_Ohio2_1900_HolderWrightFarm_USA_c_1900;D_Illinois3_1700_Snyders_USA_c_1700;D_JaneyBGoode3_1000_JaneyBGoode_USA_c_1200_A2b4;D_Ohio4_2200_Scioto_USA_c_2200_A2b4;D_AngelMound2_1000_AngelMounds_USA_c_1000_A2b4;D_AngelMound3_1000_AngelMounds_USA_c_1000_A2b4;D_JaneyBGoode1_1000_JaneyBGoode_USA_c_1000;D_JaneyBGoode2_1000_JaneyBGoode_USA_c_1000_A2b_;D_Ohio2_2200_Scioto_USA_c_2200_A2b4;D_Ohio6_2200_Scioto_USA_c_2200,FALSE
273,62,A2b5,2,D_Alaska1_1695_Uyak_Alaska_c_1695;D_Nunavut1_700_Talaguak_Nunavut_c_700,FALSE
295,61,A1b1,7,D_Nunavut3_650_Tikilik_Nunavut_c_650_A2a1;D_Alaska1_212_CapeEspenberg_Alaska_c_212_A1b1;D_Alaska1_620_CapeEspenberg_Alaska_c_620_A1b1;D_Alaska2_500_Nunalleq_USA_c_500;D_Alaska3_500_Nunalleq_USA_c_500_A1b1;D_Alaska1_500_Nunalleq_USA_c_500;D_Alaska5_500_Nunalleq_USA_c_500,FALSE
178,59,A2b1a,2,Nunura_10_HuacaAmarilla_Peru_d_882.5;Nunura_22_HuacaAmarilla_Peru_c_825,FALSE
297,58,A1b1,5,D_Alaska1_620_CapeEspenberg_Alaska_c_620_A1b1;D_Alaska2_500_Nunalleq_USA_c_500;D_Alaska3_500_Nunalleq_USA_c_500_A1b1;D_Alaska1_500_Nunalleq_USA_c_500;D_Alaska5_500_Nunalleq_USA_c_500,FALSE
158,56,NA,70,Az-563_TizayucaR5_Mexico_c_1100_A2b1a;D_AngelMound4_1000_AngelMounds_USA_c_1000_A2b;D_Mississippi1_675_Oliver_USA_c_365;D_Colorado1_1200_McPhee_USA_c_1200;Az-1931_TizayucaR5_Mexico_c_1100;D_California2_4000_ChannelIslands_USA_c_4000_A2b1b;AM-VH-21_VistaHermosa_Mexico_c_600;Nunura_6_HuacaAmarilla_Peru_d_882.5;D_California1_2000_SantaRosa_USA_c_2000;D_California1_4000_ChannelIslands_USA_c_4000_A2b3;Az-316_TizayucaR6_Mexico_c_1100_A2b1a;Az-1923_TizayucaR5_Mexico_d_408;Az-1937_TizayucaR5_Mexico_c_1100;Nunura_14_HuacaAmarilla_Peru_c_825;Nunura_8_HuacaAmarilla_Peru_d_882;0204-0531_Wichqana_Peru_c_2675;Nunura_15_HuacaAmarilla_Peru_c_825;Az-4985_MalpaisPrieto_Mexico_c_650;SC1061_Chondorko_Ecuador_c_833_A2b1a;D_Argentina1_1000_CerroLutz_Argentina_c_1000_A2b1a;PM4-N3_PlayaMiller-4_Chile_d_1008;Til_1_n8_Pucar_deTilcara_Argentina_d_750;Az-1274_TizayucaR5_Mexico_c_1100;Az-1930_LasGolondrinas_Mexico_d_476;Az-1932_ElChato_Mexico_c_1100;700_00_Chondorko_Ecuador_d_843;Nunura_13_HuacaAmarilla_Peru_c_825;Individuo_1_Pucar_deTilcara_Argentina_d_425;SC1056_Tilcara_Argentina_c_950;Az-464_TizayucaR6_Mexico_c_1100;Az-1936_TizayucaR5_Mexico_c_1100;Nunura_4_HuacaAmarilla_Peru_d_882;Nunura_16_HuacaAmarilla_Peru_c_825;Az-1929_TizayucaR5_Mexico_c_1100;Az-1944_LasGolondrinas_Mexico_c_1525;Az-749_LasGolondrinas_Mexico_d_1480;D_Mayapan1_1000_Mayapan_Mexico_c_1000_A2b1a;Nunura_25_HuacaGrande_Peru_d_883;Nunura_30_HuacaGrande_Peru_d_883;Nunura_1_HuacaAmarilla_Peru_d_720;Nunura_26_HuacaGrande_Peru_d_883;Nunura_2_HuacaAmarilla_Peru_d_720;Nunura_17_HuacaAmarilla_Peru_d_846.5;Nunura_18_HuacaAmarilla_Peru_d_846.5;Nunura_19_HuacaAmarilla_Peru_d_865;Nunura_29_HuacaGrande_Peru_d_883;Az-1934_TizayucaR5_Mexico_d_1020_A2b1a;Az-314_TizayucaR6_Mexico_d_980_A2b1a;Az-1791_TizayucaR5_Mexico_d_546_A2b1a;Az-1947_LasGolondrinas_Mexico_c_1525;D_Mayapan2_1000_Mayapan_Mexico_c_1000_A2b1a;Nunura_28_HuacaGrande_Peru_d_883;Nunura_24_HuacaGrande_Peru_d_883;Nunura_12_HuacaAmarilla_Peru_c_825;Nunura_20_HuacaAmarilla_Peru_d_865;Az-1273_TizayucaR5_Mexico_c_1100;Az-657_TizayucaR6_Mexico_d_1090_A2b1a;Az-1661_TizayucaR5_Mexico_c_600;Az-1935_TizayucaR5_Mexico_d_1090;D_Mayapan3_1000_Mayapan_Mexico_c_1000_A2b1a;D_Mexico1_1000_Mayapan_Mexico_c_1000;Nunura_31_HuacaGrande_Peru_d_883;Nunura_10_HuacaAmarilla_Peru_d_882.5;Nunura_22_HuacaAmarilla_Peru_c_825;Nunura_23_HuacaGrande_Peru_d_882.5;Nunura_27_HuacaGrande_Peru_d_883;Nunura_5_HuacaAmarilla_Peru_d_882.5;0126-0384_Chilca_Peru_c_750_A2b1a;D_Mayapan1_450_Mayapan_Mexico_c_450;MCZ39564_Caylloma_Peru_NA,FALSE
296,56,A1b1,6,D_Alaska1_212_CapeEspenberg_Alaska_c_212_A1b1;D_Alaska1_620_CapeEspenberg_Alaska_c_620_A1b1;D_Alaska2_500_Nunalleq_USA_c_500;D_Alaska3_500_Nunalleq_USA_c_500_A1b1;D_Alaska1_500_Nunalleq_USA_c_500;D_Alaska5_500_Nunalleq_USA_c_500,FALSE
159,54,NA,65,D_AngelMound4_1000_AngelMounds_USA_c_1000_A2b;D_Mississippi1_675_Oliver_USA_c_365;Az-1931_TizayucaR5_Mexico_c_1100;AM-VH-21_VistaHermosa_Mexico_c_600;Nunura_6_HuacaAmarilla_Peru_d_882.5;Az-316_TizayucaR6_Mexico_c_1100_A2b1a;Az-1923_TizayucaR5_Mexico_d_408;Az-1937_TizayucaR5_Mexico_c_1100;Nunura_14_HuacaAmarilla_Peru_c_825;Nunura_8_HuacaAmarilla_Peru_d_882;0204-0531_Wichqana_Peru_c_2675;Nunura_15_HuacaAmarilla_Peru_c_825;Az-4985_MalpaisPrieto_Mexico_c_650;SC1061_Chondorko_Ecuador_c_833_A2b1a;D_Argentina1_1000_CerroLutz_Argentina_c_1000_A2b1a;PM4-N3_PlayaMiller-4_Chile_d_1008;Til_1_n8_Pucar_deTilcara_Argentina_d_750;Az-1274_TizayucaR5_Mexico_c_1100;Az-1930_LasGolondrinas_Mexico_d_476;Az-1932_ElChato_Mexico_c_1100;700_00_Chondorko_Ecuador_d_843;Nunura_13_HuacaAmarilla_Peru_c_825;Individuo_1_Pucar_deTilcara_Argentina_d_425;SC1056_Tilcara_Argentina_c_950;Az-464_TizayucaR6_Mexico_c_1100;Az-1936_TizayucaR5_Mexico_c_1100;Nunura_4_HuacaAmarilla_Peru_d_882;Nunura_16_HuacaAmarilla_Peru_c_825;Az-1929_TizayucaR5_Mexico_c_1100;Az-1944_LasGolondrinas_Mexico_c_1525;Az-749_LasGolondrinas_Mexico_d_1480;D_Mayapan1_1000_Mayapan_Mexico_c_1000_A2b1a;Nunura_25_HuacaGrande_Peru_d_883;Nunura_30_HuacaGrande_Peru_d_883;Nunura_1_HuacaAmarilla_Peru_d_720;Nunura_26_HuacaGrande_Peru_d_883;Nunura_2_HuacaAmarilla_Peru_d_720;Nunura_17_HuacaAmarilla_Peru_d_846.5;Nunura_18_HuacaAmarilla_Peru_d_846.5;Nunura_19_HuacaAmarilla_Peru_d_865;Nunura_29_HuacaGrande_Peru_d_883;Az-1934_TizayucaR5_Mexico_d_1020_A2b1a;Az-314_TizayucaR6_Mexico_d_980_A2b1a;Az-1791_TizayucaR5_Mexico_d_546_A2b1a;Az-1947_LasGolondrinas_Mexico_c_1525;D_Mayapan2_1000_Mayapan_Mexico_c_1000_A2b1a;Nunura_28_HuacaGrande_Peru_d_883;Nunura_24_HuacaGrande_Peru_d_883;Nunura_12_HuacaAmarilla_Peru_c_825;Nunura_20_HuacaAmarilla_Peru_d_865;Az-1273_TizayucaR5_Mexico_c_1100;Az-657_TizayucaR6_Mexico_d_1090_A2b1a;Az-1661_TizayucaR5_Mexico_c_600;Az-1935_TizayucaR5_Mexico_d_1090;D_Mayapan3_1000_Mayapan_Mexico_c_1000_A2b1a;D_Mexico1_1000_Mayapan_Mexico_c_1000;Nunura_31_HuacaGrande_Peru_d_883;Nunura_10_HuacaAmarilla_Peru_d_882.5;Nunura_22_HuacaAmarilla_Peru_c_825;Nunura_23_HuacaGrande_Peru_d_882.5;Nunura_27_HuacaGrande_Peru_d_883;Nunura_5_HuacaAmarilla_Peru_d_882.5;0126-0384_Chilca_Peru_c_750_A2b1a;D_Mayapan1_450_Mayapan_Mexico_c_450;MCZ39564_Caylloma_Peru_NA,FALSE
287,54,A2a1,2,D_Labrador1_150_Uivak_Point1_Labrador_c_150;D_Nunavut4_650_PordenPoint_Nunavut_c_650,FALSE
267,53,A2b5,7,D_Alaska1_1230_Uyak_Alaska_c_1230;D_BColumbia2_1500_PrinceRupert_Canada_c_1500_A2b5;D_PrinceRupert1_1500_PrinceRupert_Canada_c_1500_A2b5;D_Alaska1_25_Cape_Dyer_Alaska_c_25_A2b5;D_Alaska2_620_CapeEspenberg_Alaska_c_620_A2b5;D_Alaska1_400_CapeEspenberg_Alaska_c_400_A2b5;D_Alaska1_740_Ahteut_Alaska_c_740_A2b5,FALSE
167,51,A2b1a,14,700_00_Chondorko_Ecuador_d_843;Nunura_25_HuacaGrande_Peru_d_883;Nunura_30_HuacaGrande_Peru_d_883;Nunura_28_HuacaGrande_Peru_d_883;Nunura_24_HuacaGrande_Peru_d_883;Nunura_31_HuacaGrande_Peru_d_883;Nunura_10_HuacaAmarilla_Peru_d_882.5;Nunura_22_HuacaAmarilla_Peru_c_825;Nunura_23_HuacaGrande_Peru_d_882.5;Nunura_27_HuacaGrande_Peru_d_883;Nunura_5_HuacaAmarilla_Peru_d_882.5;0126-0384_Chilca_Peru_c_750_A2b1a;D_Mayapan1_450_Mayapan_Mexico_c_450;MCZ39564_Caylloma_Peru_NA,FALSE
218,49,A2b1a,2,Az-1930_LasGolondrinas_Mexico_d_476;Az-1932_ElChato_Mexico_c_1100,FALSE
207,47,A2b1a,4,Az-1936_TizayucaR5_Mexico_c_1100;Az-1944_LasGolondrinas_Mexico_c_1525;Az-1934_TizayucaR5_Mexico_d_1020_A2b1a;Az-314_TizayucaR6_Mexico_d_980_A2b1a,FALSE
227,47,NA,11,D_Illinois1_1200_JaneyBGoode_USA_c_1200_A2b4;D_Illinois1_8500_Koster_USA_c_8500_A2b2;D_Koster1_9905_Koster_USA_d_9905_A2b2;D_AngelMound1_1000_AngelMounds_USA_c_1000_A2b2;D_Illinois1_NA_AppleCreek_USA_c_2500_A2b2;D_Newfoundland1_4500_PortauChoix_Canada_d_4500_A2b2;D_Colorado1_800_YellowJacket_USA_c_800_A2b2;Mcz51780_JaguarCave_USA_NA;JR_75943_Jamestown_USA_c_409;D_Weyanoke1_680_Hatch_USA_d_680;JR_135139_Jamestown_USA_c_409,FALSE
177,46,A2b1a,3,Nunura_24_HuacaGrande_Peru_d_883;Nunura_10_HuacaAmarilla_Peru_d_882.5;Nunura_22_HuacaAmarilla_Peru_c_825,FALSE
281,46,A2a1,8,D_Alaska2_1125_Walakpa_Alaska_c_1125_A2a1;D_Nunavut2_650_Tikilik_Nunavut_c_650_A1b1;D_Labrador1_150_Uivak_Point1_Labrador_c_150;D_Nunavut4_650_PordenPoint_Nunavut_c_650;D_Alaska1_3763_TeshekpukLake_Alaska_c_3763;D_Nunavut1_675_PealePoint_Nunavut_c_675;D_Labrador1_200_DoubleMerPoint_Labrador_c_200;MCZ44669_Hopedale_Canada_NA,FALSE
168,45,A2b1a,13,Nunura_25_HuacaGrande_Peru_d_883;Nunura_30_HuacaGrande_Peru_d_883;Nunura_28_HuacaGrande_Peru_d_883;Nunura_24_HuacaGrande_Peru_d_883;Nunura_31_HuacaGrande_Peru_d_883;Nunura_10_HuacaAmarilla_Peru_d_882.5;Nunura_22_HuacaAmarilla_Peru_c_825;Nunura_23_HuacaGrande_Peru_d_882.5;Nunura_27_HuacaGrande_Peru_d_883;Nunura_5_HuacaAmarilla_Peru_d_882.5;0126-0384_Chilca_Peru_c_750_A2b1a;D_Mayapan1_450_Mayapan_Mexico_c_450;MCZ39564_Caylloma_Peru_NA,FALSE
280,44,A2a1,9,MCZ7408_Hopedale_Canada_NA;D_Alaska2_1125_Walakpa_Alaska_c_1125_A2a1;D_Nunavut2_650_Tikilik_Nunavut_c_650_A1b1;D_Labrador1_150_Uivak_Point1_Labrador_c_150;D_Nunavut4_650_PordenPoint_Nunavut_c_650;D_Alaska1_3763_TeshekpukLake_Alaska_c_3763;D_Nunavut1_675_PealePoint_Nunavut_c_675;D_Labrador1_200_DoubleMerPoint_Labrador_c_200;MCZ44669_Hopedale_Canada_NA,FALSE
284,44,A2a1,2,D_Alaska1_3763_TeshekpukLake_Alaska_c_3763;D_Nunavut1_675_PealePoint_Nunavut_c_675,FALSE
285,44,A2a1,2,D_Labrador1_200_DoubleMerPoint_Labrador_c_200;MCZ44669_Hopedale_Canada_NA,FALSE
214,39,A2b1a,2,Az-1791_TizayucaR5_Mexico_d_546_A2b1a;Az-1947_LasGolondrinas_Mexico_c_1525,FALSE
237,39,NA,40,D_Ohio1_2200_Scioto_USA_c_2200_A2b4;D_JaguarCave1_1400_JaguarCave_USA_d_1400_A2b3;D_Alabama2_5000_LittleBear_USA_c_3000;D_Illinois2_1700_Snyders_USA_c_1700;D_Nunavut1_1000_Tikilik_Nunavut_c_1000;D_California1_5000_NorthHead_USA_c_5000;D_California4_4000_CanadaVerde_USA_c_4000;D_LittleB1_5000_LittleBear_USA_c_5000_A2b4;D_Missouri1_8385_Modoc_USA_d_8385_A2b4;D_JaguarCave1_10370_JaguarCave_USA_d_10370;D_California1_NA_NorthHead_USA_c_5000;SG0892_L1_A1_ReedXI_USA_c_525;JR_118236_Jamestown_USA_c_409;ANH38_Weyanoke_USA_c_960;D_Ohio1_700_Reinhardt_USA_d_725;JR_73052_Jamestown_USA_c_409;D_Alaska1_1230_Uyak_Alaska_c_1230;D_Alaska1_1695_Uyak_Alaska_c_1695;D_Nunavut1_700_Talaguak_Nunavut_c_700;D_Alabama1_2250_CoxSite_USA_c_2250_A2b4;D_Ohio5_2200_Scioto_USA_c_2200_A2b4;JR_68100_Jamestown_USA_c_409;D_BColumbia2_1500_PrinceRupert_Canada_c_1500_A2b5;D_Alabama1_5000_FlintRiver_USA_c_5000;D_Ohio3_2200_Scioto_USA_c_2200_A2b4;D_Ohio2_1900_HolderWrightFarm_USA_c_1900;D_PrinceRupert1_1500_PrinceRupert_Canada_c_1500_A2b5;D_Illinois3_1700_Snyders_USA_c_1700;D_JaneyBGoode3_1000_JaneyBGoode_USA_c_1200_A2b4;D_Ohio4_2200_Scioto_USA_c_2200_A2b4;D_Alaska1_25_Cape_Dyer_Alaska_c_25_A2b5;D_AngelMound2_1000_AngelMounds_USA_c_1000_A2b4;D_AngelMound3_1000_AngelMounds_USA_c_1000_A2b4;D_JaneyBGoode1_1000_JaneyBGoode_USA_c_1000;D_JaneyBGoode2_1000_JaneyBGoode_USA_c_1000_A2b_;D_Ohio2_2200_Scioto_USA_c_2200_A2b4;D_Ohio6_2200_Scioto_USA_c_2200;D_Alaska2_620_CapeEspenberg_Alaska_c_620_A2b5;D_Alaska1_400_CapeEspenberg_Alaska_c_400_A2b5;D_Alaska1_740_Ahteut_Alaska_c_740_A2b5,FALSE
213,36,A2b1a,3,Az-749_LasGolondrinas_Mexico_d_1480;Az-1791_TizayucaR5_Mexico_d_546_A2b1a;Az-1947_LasGolondrinas_Mexico_c_1525,FALSE
243,33,A2b4,3,JR_118236_Jamestown_USA_c_409;ANH38_Weyanoke_USA_c_960;D_Ohio1_700_Reinhardt_USA_d_725,FALSE
266,33,A2b5,9,D_Alaska1_1230_Uyak_Alaska_c_1230;D_Alaska1_1695_Uyak_Alaska_c_1695;D_Nunavut1_700_Talaguak_Nunavut_c_700;D_BColumbia2_1500_PrinceRupert_Canada_c_1500_A2b5;D_PrinceRupert1_1500_PrinceRupert_Canada_c_1500_A2b5;D_Alaska1_25_Cape_Dyer_Alaska_c_25_A2b5;D_Alaska2_620_CapeEspenberg_Alaska_c_620_A2b5;D_Alaska1_400_CapeEspenberg_Alaska_c_400_A2b5;D_Alaska1_740_Ahteut_Alaska_c_740_A2b5,FALSE
173,32,A2b1a,4,Nunura_23_HuacaGrande_Peru_d_882.5;0126-0384_Chilca_Peru_c_750_A2b1a;D_Mayapan1_450_Mayapan_Mexico_c_450;MCZ39564_Caylloma_Peru_NA,FALSE
247,32,A2b4,3,D_Alabama1_2250_CoxSite_USA_c_2250_A2b4;D_Alabama1_5000_FlintRiver_USA_c_5000;D_Ohio3_2200_Scioto_USA_c_2200_A2b4,FALSE
199,31,A2b1a,21,Az-4985_MalpaisPrieto_Mexico_c_650;Az-1274_TizayucaR5_Mexico_c_1100;Az-1930_LasGolondrinas_Mexico_d_476;Az-1932_ElChato_Mexico_c_1100;Az-464_TizayucaR6_Mexico_c_1100;Az-1936_TizayucaR5_Mexico_c_1100;Az-1929_TizayucaR5_Mexico_c_1100;Az-1944_LasGolondrinas_Mexico_c_1525;Az-749_LasGolondrinas_Mexico_d_1480;D_Mayapan1_1000_Mayapan_Mexico_c_1000_A2b1a;Az-1934_TizayucaR5_Mexico_d_1020_A2b1a;Az-314_TizayucaR6_Mexico_d_980_A2b1a;Az-1791_TizayucaR5_Mexico_d_546_A2b1a;Az-1947_LasGolondrinas_Mexico_c_1525;D_Mayapan2_1000_Mayapan_Mexico_c_1000_A2b1a;Az-1273_TizayucaR5_Mexico_c_1100;Az-657_TizayucaR6_Mexico_d_1090_A2b1a;Az-1661_TizayucaR5_Mexico_c_600;Az-1935_TizayucaR5_Mexico_d_1090;D_Mayapan3_1000_Mayapan_Mexico_c_1000_A2b1a;D_Mexico1_1000_Mayapan_Mexico_c_1000,FALSE
211,31,A2b1a,8,Az-1274_TizayucaR5_Mexico_c_1100;Az-749_LasGolondrinas_Mexico_d_1480;D_Mayapan1_1000_Mayapan_Mexico_c_1000_A2b1a;Az-1791_TizayucaR5_Mexico_d_546_A2b1a;Az-1947_LasGolondrinas_Mexico_c_1525;D_Mayapan2_1000_Mayapan_Mexico_c_1000_A2b1a;D_Mayapan3_1000_Mayapan_Mexico_c_1000_A2b1a;D_Mexico1_1000_Mayapan_Mexico_c_1000,FALSE
212,30,A2b1a,7,Az-749_LasGolondrinas_Mexico_d_1480;D_Mayapan1_1000_Mayapan_Mexico_c_1000_A2b1a;Az-1791_TizayucaR5_Mexico_d_546_A2b1a;Az-1947_LasGolondrinas_Mexico_c_1525;D_Mayapan2_1000_Mayapan_Mexico_c_1000_A2b1a;D_Mayapan3_1000_Mayapan_Mexico_c_1000_A2b1a;D_Mexico1_1000_Mayapan_Mexico_c_1000,FALSE
265,29,A2b5,10,D_JaguarCave1_10370_JaguarCave_USA_d_10370;D_Alaska1_1230_Uyak_Alaska_c_1230;D_Alaska1_1695_Uyak_Alaska_c_1695;D_Nunavut1_700_Talaguak_Nunavut_c_700;D_BColumbia2_1500_PrinceRupert_Canada_c_1500_A2b5;D_PrinceRupert1_1500_PrinceRupert_Canada_c_1500_A2b5;D_Alaska1_25_Cape_Dyer_Alaska_c_25_A2b5;D_Alaska2_620_CapeEspenberg_Alaska_c_620_A2b5;D_Alaska1_400_CapeEspenberg_Alaska_c_400_A2b5;D_Alaska1_740_Ahteut_Alaska_c_740_A2b5,FALSE
179,28,A2b1a,2,Nunura_25_HuacaGrande_Peru_d_883;Nunura_30_HuacaGrande_Peru_d_883,FALSE
169,27,A2b1a,11,Nunura_28_HuacaGrande_Peru_d_883;Nunura_24_HuacaGrande_Peru_d_883;Nunura_31_HuacaGrande_Peru_d_883;Nunura_10_HuacaAmarilla_Peru_d_882.5;Nunura_22_HuacaAmarilla_Peru_c_825;Nunura_23_HuacaGrande_Peru_d_882.5;Nunura_27_HuacaGrande_Peru_d_883;Nunura_5_HuacaAmarilla_Peru_d_882.5;0126-0384_Chilca_Peru_c_750_A2b1a;D_Mayapan1_450_Mayapan_Mexico_c_450;MCZ39564_Caylloma_Peru_NA,FALSE
210,26,A2b1a,10,Az-1274_TizayucaR5_Mexico_c_1100;Az-1930_LasGolondrinas_Mexico_d_476;Az-1932_ElChato_Mexico_c_1100;Az-749_LasGolondrinas_Mexico_d_1480;D_Mayapan1_1000_Mayapan_Mexico_c_1000_A2b1a;Az-1791_TizayucaR5_Mexico_d_546_A2b1a;Az-1947_LasGolondrinas_Mexico_c_1525;D_Mayapan2_1000_Mayapan_Mexico_c_1000_A2b1a;D_Mayapan3_1000_Mayapan_Mexico_c_1000_A2b1a;D_Mexico1_1000_Mayapan_Mexico_c_1000,FALSE
245,24,A2b4,16,JR_73052_Jamestown_USA_c_409;D_Alabama1_2250_CoxSite_USA_c_2250_A2b4;D_Ohio5_2200_Scioto_USA_c_2200_A2b4;JR_68100_Jamestown_USA_c_409;D_Alabama1_5000_FlintRiver_USA_c_5000;D_Ohio3_2200_Scioto_USA_c_2200_A2b4;D_Ohio2_1900_HolderWrightFarm_USA_c_1900;D_Illinois3_1700_Snyders_USA_c_1700;D_JaneyBGoode3_1000_JaneyBGoode_USA_c_1200_A2b4;D_Ohio4_2200_Scioto_USA_c_2200_A2b4;D_AngelMound2_1000_AngelMounds_USA_c_1000_A2b4;D_AngelMound3_1000_AngelMounds_USA_c_1000_A2b4;D_JaneyBGoode1_1000_JaneyBGoode_USA_c_1000;D_JaneyBGoode2_1000_JaneyBGoode_USA_c_1000_A2b_;D_Ohio2_2200_Scioto_USA_c_2200_A2b4;D_Ohio6_2200_Scioto_USA_c_2200,FALSE
286,23,A2a1,3,D_Nunavut2_650_Tikilik_Nunavut_c_650_A1b1;D_Labrador1_150_Uivak_Point1_Labrador_c_150;D_Nunavut4_650_PordenPoint_Nunavut_c_650,FALSE
170,21,A2b1a,8,Nunura_28_HuacaGrande_Peru_d_883;Nunura_31_HuacaGrande_Peru_d_883;Nunura_23_HuacaGrande_Peru_d_882.5;Nunura_27_HuacaGrande_Peru_d_883;Nunura_5_HuacaAmarilla_Peru_d_882.5;0126-0384_Chilca_Peru_c_750_A2b1a;D_Mayapan1_450_Mayapan_Mexico_c_450;MCZ39564_Caylloma_Peru_NA,FALSE
171,21,A2b1a,7,Nunura_31_HuacaGrande_Peru_d_883;Nunura_23_HuacaGrande_Peru_d_882.5;Nunura_27_HuacaGrande_Peru_d_883;Nunura_5_HuacaAmarilla_Peru_d_882.5;0126-0384_Chilca_Peru_c_750_A2b1a;D_Mayapan1_450_Mayapan_Mexico_c_450;MCZ39564_Caylloma_Peru_NA,FALSE
250,20,A2b4,5,D_Ohio2_1900_HolderWrightFarm_USA_c_1900;D_AngelMound2_1000_AngelMounds_USA_c_1000_A2b4;D_AngelMound3_1000_AngelMounds_USA_c_1000_A2b4;D_JaneyBGoode1_1000_JaneyBGoode_USA_c_1000;D_JaneyBGoode2_1000_JaneyBGoode_USA_c_1000_A2b_,FALSE
254,19,A2b4,5,D_Illinois3_1700_Snyders_USA_c_1700;D_JaneyBGoode3_1000_JaneyBGoode_USA_c_1200_A2b4;D_Ohio4_2200_Scioto_USA_c_2200_A2b4;D_Ohio2_2200_Scioto_USA_c_2200_A2b4;D_Ohio6_2200_Scioto_USA_c_2200,FALSE
283,19,A2a1,4,D_Alaska1_3763_TeshekpukLake_Alaska_c_3763;D_Nunavut1_675_PealePoint_Nunavut_c_675;D_Labrador1_200_DoubleMerPoint_Labrador_c_200;MCZ44669_Hopedale_Canada_NA,FALSE
258,18,A2b4,3,JR_73052_Jamestown_USA_c_409;D_Ohio5_2200_Scioto_USA_c_2200_A2b4;JR_68100_Jamestown_USA_c_409,FALSE
246,15,A2b4,13,D_Alabama1_2250_CoxSite_USA_c_2250_A2b4;D_Alabama1_5000_FlintRiver_USA_c_5000;D_Ohio3_2200_Scioto_USA_c_2200_A2b4;D_Ohio2_1900_HolderWrightFarm_USA_c_1900;D_Illinois3_1700_Snyders_USA_c_1700;D_JaneyBGoode3_1000_JaneyBGoode_USA_c_1200_A2b4;D_Ohio4_2200_Scioto_USA_c_2200_A2b4;D_AngelMound2_1000_AngelMounds_USA_c_1000_A2b4;D_AngelMound3_1000_AngelMounds_USA_c_1000_A2b4;D_JaneyBGoode1_1000_JaneyBGoode_USA_c_1000;D_JaneyBGoode2_1000_JaneyBGoode_USA_c_1000_A2b_;D_Ohio2_2200_Scioto_USA_c_2200_A2b4;D_Ohio6_2200_Scioto_USA_c_2200,FALSE
172,13,A2b1a,6,Nunura_23_HuacaGrande_Peru_d_882.5;Nunura_27_HuacaGrande_Peru_d_883;Nunura_5_HuacaAmarilla_Peru_d_882.5;0126-0384_Chilca_Peru_c_750_A2b1a;D_Mayapan1_450_Mayapan_Mexico_c_450;MCZ39564_Caylloma_Peru_NA,FALSE
282,13,A2a1,5,D_Alaska2_1125_Walakpa_Alaska_c_1125_A2a1;D_Alaska1_3763_TeshekpukLake_Alaska_c_3763;D_Nunavut1_675_PealePoint_Nunavut_c_675;D_Labrador1_200_DoubleMerPoint_Labrador_c_200;MCZ44669_Hopedale_Canada_NA,FALSE
249,8,A2b4,10,D_Ohio2_1900_HolderWrightFarm_USA_c_1900;D_Illinois3_1700_Snyders_USA_c_1700;D_JaneyBGoode3_1000_JaneyBGoode_USA_c_1200_A2b4;D_Ohio4_2200_Scioto_USA_c_2200_A2b4;D_AngelMound2_1000_AngelMounds_USA_c_1000_A2b4;D_AngelMound3_1000_AngelMounds_USA_c_1000_A2b4;D_JaneyBGoode1_1000_JaneyBGoode_USA_c_1000;D_JaneyBGoode2_1000_JaneyBGoode_USA_c_1000_A2b_;D_Ohio2_2200_Scioto_USA_c_2200_A2b4;D_Ohio6_2200_Scioto_USA_c_2200,FALSE
