Fasta_ID_alignment,Assigned_Hg_based_on_tree,colour_name,colour_hex_code
AF347014.1_yoruba_reference,NA,,
Ancient152_Canada_DodgeIsland__d__2535_A2ag,A2,red,#E7180B
Ancient160a_Canada_DodgeIsland__d__4855_A2ah,A2,red,#E7180B
Ancient938_Canada_LucyIsland__d__6075_A2ag,A2,red,#E7180B
Ancient939_Canada_LucyIsland__d__5675_D4h3a7,D,green,#007C66
ASO_B1_S1__c_Argentina_ArroyoSeco2__7140_C1c,C,orange,#FFA600
ASO_B10_S17__c_Argentina_ArroyoSeco2__7790_C1b,C,orange,#FFA600
ASO_B13_S20__c_Argentina_ArroyoSeco2__8366.5_C1c,C,orange,#FFA600
ASO_B2_S5__d_Argentina_ArroyoSeco2__7430_A2,A2,red,#E7180B
ASO_B24_S31__d_Argentina_ArroyoSeco2__8366.5_C1b,C,orange,#FFA600
ASO_B3_S7__c_Argentina_ArroyoSeco2__7821.5_C1b,C,orange,#FFA600
AZ21_Colombia_Aguazuque__d__4030_C1b,C,orange,#FFA600
AZ32_Colombia_Aguazuque__d__2725_A264,A2,red,#E7180B
AZ33_Colombia_Aguazuque__d__2725_B2d,B2,blue,#377CEF
AZ46_Colombia_Aguazuque__d__3850_A264,A2,red,#E7180B
AZ48_Colombia_Aguazuque__d__3850_A264,A2,red,#E7180B
AZ66_Colombia_Aguazuque__d__4030_B2,B2,blue,#377CEF
AZ68_Colombia_Aguazuque__d__4030_C1b,C,orange,#FFA600
AZ75_Colombia_Aguazuque__d__4575_B2,B2,blue,#377CEF
AZ77_Colombia_Aguazuque__d__4575_A264,A2,red,#E7180B
BTK01_Canada_Newfoundland__d__160_X2a1b,X2a1,purple,#7B3B97
BTK114_Canada_Newfoundland__d__4319_A264,A2,red,#E7180B
BTK119_Canada_Newfoundland__d__4082_D1,D,green,#007C66
BTK12_Canada_Newfoundland__d__125_A2i,A2,red,#E7180B
BTK141_Canada_Newfoundland__d__4353_C1b,C,orange,#FFA600
BTK144_Canada_Newfoundland__d__3976_C1b,C,orange,#FFA600
BTK146_Canada_Newfoundland__d__4058_C1b,C,orange,#FFA600
BTK147_Canada_Newfoundland__d__4130_A264,A2,red,#E7180B
BTK15_Canada_Newfoundland__d__197_C1c,C,orange,#FFA600
BTK150_Canada_Newfoundland__d__4414_C4c1,C,orange,#FFA600
BTK156_Canada_Newfoundland__d__4495_B2c,B2,blue,#377CEF
BTK162_Canada_Newfoundland__d__4564_C4c1,C,orange,#FFA600
BTK166_Canada_Newfoundland__d__4664_B2c,B2,blue,#377CEF
BTK168_Canada_Newfoundland__d__4356_C4c1,C,orange,#FFA600
BTK169_Canada_Newfoundland__d__4579_A264,A2,red,#E7180B
BTK178_Canada_Newfoundland__d__4161_X2a1,X2a1,purple,#7B3B97
BTK188_Canada_Newfoundland__d__132_A2i,A2,red,#E7180B
BTK20_Canada_Newfoundland__d__172_A2i,A2,red,#E7180B
BTK35_Canada_Newfoundland__d__193_C1c,C,orange,#FFA600
BTK36_Canada_Newfoundland__d__4040_X2a1,X2a1,purple,#7B3B97
BTK37_Canada_Newfoundland__d__3912_D1,D,green,#007C66
BTK40_Canada_Newfoundland__d__4219_C4c1,C,orange,#FFA600
BTK41_Canada_Newfoundland__d__4007_C1b,C,orange,#FFA600
BTK44_Canada_Newfoundland__d__4150_C4c1b,C,orange,#FFA600
BTK45_Canada_Newfoundland__d__4018_A264,A2,red,#E7180B
BTK46_Canada_Newfoundland__d__4307_D1,D,green,#007C66
BTK49_Canada_Newfoundland__d__4501_C4c1,C,orange,#FFA600
BTK50_Canada_Newfoundland__d__4439_C4c1,C,orange,#FFA600
BTK52_Canada_Newfoundland__d__4422_B2c,B2,blue,#377CEF
BTK53_Canada_Newfoundland__d__4450_C4c1,C,orange,#FFA600
BTK54_Canada_Newfoundland__d__300_D1,D,green,#007C66
BTK55_Canada_Newfoundland__d__203_A2i,A2,red,#E7180B
BTK60_Canada_Newfoundland__d__162_A2i,A2,red,#E7180B
BTK62_Canada_Newfoundland__d__138_X2a1b,X2a1,purple,#7B3B97
BTK63_Canada_Newfoundland__d__388_X2a1b,X2a1,purple,#7B3B97
BTK68_Canada_Newfoundland__d__371_A2i,A2,red,#E7180B
BTK70_Canada_Newfoundland__d__164_A2i,A2,red,#E7180B
BTK71_Canada_Newfoundland__d__285_C1c,C,orange,#FFA600
BTK72_Canada_Newfoundland__d__217_C1c,C,orange,#FFA600
BTK73_Canada_Newfoundland__d__1335_A2i,A2,red,#E7180B
BTK75_Canada_Newfoundland__d__1370_D2a1,D,green,#007C66
BTK76_Canada_Newfoundland__d__871_C1b,C,orange,#FFA600
BTK80_Canada_Newfoundland__d__4113_C4c1b,C,orange,#FFA600
BTK84_Canada_Newfoundland__d__4102_A2a,A2,red,#E7180B
BTK88_Canada_Newfoundland__d__4013_D1,D,green,#007C66
BTK93_Canada_Newfoundland__d__3921_B2c,B2,blue,#377CEF
CG14E01−10_Uruguay_DepartmentDeRocha__d__915_C1b,C,orange,#FFA600
CG14E01−9_Uruguay_DepartmentDeRocha__d__915_C1b,C,orange,#FFA600
CH13_Uruguay_SanMiguel_d_604_C1d3,C,orange,#FFA600
CH19B_Uruguay_SanMiguel_d_1311_C1c,C,orange,#FFA600
CH2D01−20_Uruguay_DepartmentDeRocha__c_c_1610_C1d3,C,orange,#FFA600
I0038_Peru_Lauricocha_d_8625_A264,A2,red,#E7180B
I0039_Peru_Lauricocha_d_3520_A264,A2,red,#E7180B
I0040_Peru_Lauricocha_d_5845_A264,A2,red,#E7180B
I0041_Peru_Lauricocha_d_8505_B2,B2,blue,#377CEF
I0042_Peru_Botigiriayocc_d_700_C1b,C,orange,#FFA600
I0044_Peru_HuacaPucllana_d_615_C1b,C,orange,#FFA600
I0237_Peru_Botigiriayocc_d_860_B2,B2,blue,#377CEF
I0238_Peru_Lauricocha_c_8450_A2,A2,red,#E7180B
I0308_Argentina_ArroyoSecoIi_d_7430_A264,A2,red,#E7180B
I0309_Argentina_ArroyoSecoIi_d_7650_D1,D,green,#007C66
I0324_Peru_ElBrujo_d_1095_C1b,C,orange,#FFA600
I0712_USA_ChalukaMidden_AleutianIslands_d_1065_D2a1a,D,green,#007C66
I0719_USA_ChalukaMidden_AleutianIslands_d_505_D2a1a,D,green,#007C66
I0721_USA_ChalukaMidden_AleutianIslands_d_2070_D2a1a,D,green,#007C66
I0964_Peru_HuacaPucllana_d_540_C1b,C,orange,#FFA600
I0965_Peru_HuacaPucllana_d_555_D1,D,green,#007C66
I0966_Peru_HuacaPucllana_c_765_C1b,C,orange,#FFA600
I0967_Peru_HuacaPucllana_c_765_B2,B2,blue,#377CEF
I0968_Peru_HuacaPucllana_d_865_C1b,C,orange,#FFA600
I0969_Peru_HuacaPucllana_d_685_B2b,B2,blue,#377CEF
I0971_Peru_HuacaPucllana_c_1250_A264,A2,red,#E7180B
I0972_Peru_HuacaPucllana_c_765_B2b,B2,blue,#377CEF
I0974_Peru_HuacaPucllana_c_1500_B2,B2,blue,#377CEF
I0975_Peru_HuacaPucllana_d_1220_C1b,C,orange,#FFA600
I0976_Bolivia_Tiwanaku_c_900_B2,B2,blue,#377CEF
I0977_Bolivia_Tiwanaku_d_990_C1c,C,orange,#FFA600
I0978_Bolivia_Tiwanaku_d_865_B2,B2,blue,#377CEF
I0979_Bolivia_Tiwanaku_c_1125_B2,B2,blue,#377CEF
I10334_DominicanRepublic_CuevaRoja_c_2500_D1,D,green,#007C66
I10427_Canada_BuchananSite_d_1755_D2a1,D,green,#007C66
I10759_Curacao_DeSavaan_c_650_A264,A2,red,#E7180B
I10859_Mexico_Campeche_c_340_B2,B2,blue,#377CEF
I10861_Mexico_Campeche_c_340_B2,B2,blue,#377CEF
I10862_Mexico_Campeche_c_340_A2,A2,red,#E7180B
I10863_Mexico_Campeche_c_340_A2m,A2,red,#E7180B
I1118_USA_KagamilIsland_AleutianIslands_d_315_D2a1a,D,green,#007C66
I1123_USA_KagamilIsland_AleutianIslands_d_315_A2a,A2,red,#E7180B
I1124_USA_KagamilIsland_AleutianIslands_d_230_D2a1a,D,green,#007C66
I11244_USA_Castroville_California_d_875_C,C,orange,#FFA600
I11245_USA_Monterey_California_d_980_A2,A2,red,#E7180B
I1125_USA_ShipRockIsland_AleutianIslands_d_575_D2a1a,D,green,#007C66
I11256_USA_Carmel_California_c_400_A2,A2,red,#E7180B
I11257_USA_Carmel_California_c_400_A264,A2,red,#E7180B
I11259_USA_Carmel_California_c_400_C1c1b,C,orange,#FFA600
I1126_USA_ChalukaMidden_AleutianIslands_d_965_D2a1a,D,green,#007C66
I11260_USA_Carmel_California_c_400_A264,A2,red,#E7180B
I11262_USA_Ca−sba−17_California_d_988_D4h3a,D,green,#007C66
I1127_USA_KagamilIsland_AleutianIslands_d_435_D2a1a,D,green,#007C66
I1128_USA_KagamilIsland_AleutianIslands_d_405_D2a1a,D,green,#007C66
I11282_USA_Ca−sba−17_California_d_930_A2,A2,red,#E7180B
I11283_USA_Ca−sba−28_California_d_1461_D1,D,green,#007C66
I11285_USA_Ca−sba−477_California_c_400_A264,A2,red,#E7180B
I11288_USA_Ca−sba−52_California_d_4851_D1,D,green,#007C66
I11289_USA_Ca−sba−52_California_d_4816_A264,A2,red,#E7180B
I1129_USA_KagamilIsland_AleutianIslands_d_395_D2a1a,D,green,#007C66
I11290_USA_Ca−sba−7_California_c_7075_A264,A2,red,#E7180B
I11292_USA_Ca−sba−7_California_c_7075_A264,A2,red,#E7180B
I11293_USA_Ca−sba−72_California_c_1100_A2,A2,red,#E7180B
I11294_USA_Ca−sba−73_California_d_1467_C1b,C,orange,#FFA600
I11295_USA_Ca−sba−78_California_c_400_C1b,C,orange,#FFA600
I11296_USA_Ca−sba−81_California_d_2737_A264,A2,red,#E7180B
I11551_USA_Carmel_California_d_604_A264,A2,red,#E7180B
I11552_USA_PacificGrove_California_d_165_D1f,D,green,#007C66
I11553_USA_PebbleBeach_California_c_500_C1b,C,orange,#FFA600
I11557_USA_Ca−sri−3_California_d_7630_A2,A2,red,#E7180B
I11558_USA_Ca−sri−3_California_d_7627_A2,A2,red,#E7180B
I11559_USA_Ca−ven−61_California_d_1444_D1,D,green,#007C66
I11892_Curacao_DeSavaan_Caribbean_d_603_C1c,C,orange,#FFA600
I11968_USA_Ca−sri−5a_California_d_3487_A2,A2,red,#E7180B
I11969_USA_Ca−sri−5a_California_d_3463_C1b,C,orange,#FFA600
I11984_Mexico_Cueva_c_950_B2a4a1,B2,blue,#377CEF
I11985_Mexico_Cueva_d_1145_A2c,A2,red,#E7180B
I11986_Mexico_Cueva_c_950_B2a1a1,B2,blue,#377CEF
I11987_Mexico_Cueva_c_950_B2a4a1,B2,blue,#377CEF
I11988_Mexico_Cueva_d_1263_B2a4a1,B2,blue,#377CEF
I12341_DominicanRepublic_ElSoco_c_800_C1d1,C,orange,#FFA600
I12344_DominicanRepublic_ElSoco_c_800_D1,D,green,#007C66
I12347_DominicanRepublic_ElSoco_c_800_D1,D,green,#007C66
I12350_DominicanRepublic_ElSoco_c_800_C1d1,C,orange,#FFA600
I12354_Argentina_NorthOfTierraDelFuego_d_450_D1g,D,green,#007C66
I12355_Argentina_BeagleChannel_d_1490_C1b,C,orange,#FFA600
I12356_Argentina_TierraDelFuego_d_280_D1,D,green,#007C66
I12357_Argentina_TierraDelFuego_d_330_D1g,D,green,#007C66
I12358_Argentina_TierraDelFuego_d_440_C,C,orange,#FFA600
I12359_Argentina_TierraDelFuego_d_590_C1b,C,orange,#FFA600
I12360_Argentina_TierraDelFuego_d_400_D1g,D,green,#007C66
I12361_Argentina_TierraDelFuego_d_420_D1g,D,green,#007C66
I12362_Argentina_NorthOfTierraDelFuego_d_5820_C,C,orange,#FFA600
I12363_Argentina_NorthOfTierraDelFuego_d_380_D1g,D,green,#007C66
I12364_Argentina_NorthOfTierraDelFuego_d_770_D4h3a,D,green,#007C66
I12365_Argentina_NorthOfTierraDelFuego_d_740_C1c8,C,orange,#FFA600
I12366_Argentina_NorthOfTierraDelFuego_d_100_D1g,D,green,#007C66
I12367_Argentina_NorthOfTierraDelFuego_d_700_C1c8,C,orange,#FFA600
I12376_Argentina_SouthwestOfBuenosAires_d_2333_A264,A2,red,#E7180B
I12570_Mexico_Cueva_d_1015_B2a4a1,B2,blue,#377CEF
I12571_Mexico_Cueva_d_1133_C1c5,C,orange,#FFA600
I12576_Haiti_Diale1_c_950_D1,D,green,#007C66
I12941_Argentina_BeagleChannel_d_160_C1b,C,orange,#FFA600
I12942_Argentina_BeagleChannel_d_60_C1b,C,orange,#FFA600
I12943_Argentina_BeagleChannel_d_180_C1b,C,orange,#FFA600
I12967_Curacao_DeSavaan_d_660_D1,D,green,#007C66
I13189_DominicanRepublic_ElSoco_d_753_C1b2,C,orange,#FFA600
I13190_DominicanRepublic_ElSoco_d_711_B2,B2,blue,#377CEF
I13192_DominicanRepublic_ElSoco_d_688_D1,D,green,#007C66
I13195_DominicanRepublic_ElSoco_d_601_C1b2,C,orange,#FFA600
I13196_DominicanRepublic_JuanDolio_d_679_A2,A2,red,#E7180B
I13198_DominicanRepublic_JuanDolio_d_483_A2z,A2,red,#E7180B
I13199_DominicanRepublic_JuanDolio_d_534_A264,A2,red,#E7180B
I13201_DominicanRepublic_JuanDolio_d_598_A264,A2,red,#E7180B
I13203_DominicanRepublic_ElSoco_c_750_C1b2,C,orange,#FFA600
I13206_DominicanRepublic_JuanDolio_d_516_C1b,C,orange,#FFA600
I13207_DominicanRepublic_JuanDolio_c_525_A264,A2,red,#E7180B
I13208_DominicanRepublic_JuanDolio_d_660_A264,A2,red,#E7180B
I13266_Belize_MayahakCabPek_d_4380_A2ap,A2,red,#E7180B
I13318_Bahamas_CrookedIsland_c_750_C1b,C,orange,#FFA600
I13319_Bahamas_CrookedIsland_c_750_C1b,C,orange,#FFA600
I13320_Bahamas_AbacoIslands_d_750_B2e,B2,blue,#377CEF
I13321_Bahamas_EleutheraIsland_c_750_C1b2,C,orange,#FFA600
I13322_Bahamas_LongIsland_d_750_C1d1,C,orange,#FFA600
I13323_PuertoRico_SantaElena_d_701_D1,D,green,#007C66
I13324_PuertoRico_SantaElena_c_1700_A2,A2,red,#E7180B
I13326_PuertoRico_Monserrate_c_1000_A2,A2,red,#E7180B
I13441_PuertoRico_CaboRojo11_c_950_A264,A2,red,#E7180B
I13472_Curacao_DeSavaan_d_602_A2am,A2,red,#E7180B
I13538_PuertoRico_SantaElena_c_1700_C1b2,C,orange,#FFA600
I13539_PuertoRico_Canas_d_1315_A2e,A2,red,#E7180B
I13540_PuertoRico_Canas_d_1014_B2,B2,blue,#377CEF
I13541_PuertoRico_Canas_c_1000_A2h,A2,red,#E7180B
I13557_Bahamas_BlueHole_c_950_C1b,C,orange,#FFA600
I13558_Bahamas_SouthAndrosIsland_d_750_C1b2,C,orange,#FFA600
I13559_Bahamas_SouthAndrosIsland_c_750_B2e,B2,blue,#377CEF
I1356_Peru_Laramate_d_600_B2,B2,blue,#377CEF
I13560_Bahamas_SouthAndrosIsland_d_750_B2e,B2,blue,#377CEF
I1357_Peru_Botigiriayocc_c_925_B2l,B2,blue,#377CEF
I1358_Peru_Pacapaccari_d_735_B2b,B2,blue,#377CEF
I13737_Bahamas_LongIsland_d_625_B2e,B2,blue,#377CEF
I13738_Bahamas_LongIsland_d_625_C1b,C,orange,#FFA600
I13739_Bahamas_LongIsland_d_619_B2e,B2,blue,#377CEF
I13741_Bahamas_FlamingoCay_c_750_C1b2,C,orange,#FFA600
I1396_Peru_Pacapaccari_d_590_B2,B2,blue,#377CEF
I1400_Peru_SanSebastian_d_605_B2,B2,blue,#377CEF
I14009_Chile_Precordillera_d_750_B2,B2,blue,#377CEF
I1479_Peru_Palpa_d_550_B2b,B2,blue,#377CEF
I14825_USA_ParadiseCove_California_d_3198_A2ao,A2,red,#E7180B
I14826_USA_ParadiseCove_California_d_3771_D1,D,green,#007C66
I1484_Peru_Botigiriayocc_d_780_B2,B2,blue,#377CEF
I1485_Peru_CuevaYacotogia_d_1030_B2,B2,blue,#377CEF
I14875_Bahamas_AbacoIslands_d_750_B2,B2,blue,#377CEF
I14876_Bahamas_EleutheraIsland_d_624_B2,B2,blue,#377CEF
I14878_Bahamas_EleutheraIsland_d_795_B2,B2,blue,#377CEF
I14879_Bahamas_SouthAndrosIsland_d_651_C1b,C,orange,#FFA600
I14880_Bahamas_SouthAndrosIsland_d_750_A2h,A2,red,#E7180B
I14881_Bahamas_SouthAndrosIsland_d_605_A2,A2,red,#E7180B
I14882_Bahamas_SouthAndrosIsland_d_635_A2,A2,red,#E7180B
I14883_Bahamas_SouthAndrosIsland_d_750_A2,A2,red,#E7180B
I14920_Bahamas_EleutheraIsland_d_938_C1b,C,orange,#FFA600
I14921_Bahamas_EleutheraIsland_d_679_C1b,C,orange,#FFA600
I14922_Bahamas_AbacoIslands_d_982_B2e,B2,blue,#377CEF
I14923_Bahamas_AbacoIslands_d_750_B2e,B2,blue,#377CEF
I14990_DominicanRepublic_EdilioCruz_d_697_C1b,C,orange,#FFA600
I14991_DominicanRepublic_LomaPerenal_d_614_C1b,C,orange,#FFA600
I14994_DominicanRepublic_LosCorniel_d_703_A2,A2,red,#E7180B
I15050_DominicanRepublic_LaCaleta_d_849_A2e,A2,red,#E7180B
I15051_DominicanRepublic_LaCaleta_d_852_A2e,A2,red,#E7180B
I15081_DominicanRepublic_LaCaleta_d_859_C1b2,C,orange,#FFA600
I15082_DominicanRepublic_LaCaleta_d_673_C1b2,C,orange,#FFA600
I15105_DominicanRepublic_Atajadizo_d_706_A2,A2,red,#E7180B
I15106_DominicanRepublic_Atajadizo_d_702_C1b2,C,orange,#FFA600
I15107_DominicanRepublic_Atajadizo_d_604_B2,B2,blue,#377CEF
I15108_DominicanRepublic_Atajadizo_d_512_B2,B2,blue,#377CEF
I15109_DominicanRepublic_Atajadizo_d_510_B2,B2,blue,#377CEF
I15111_DominicanRepublic_Atajadizo_d_607_A2,A2,red,#E7180B
I15112_DominicanRepublic_Atajadizo_d_702_C1b2,C,orange,#FFA600
I15168_USA_CaSba7_California_d_7070_B2b,B2,blue,#377CEF
I15170_USA_Calveras_County_California_d_1506_C1b,C,orange,#FFA600
I15172_USA_Calveras_County_California_c_600_A2,A2,red,#E7180B
I15173_USA_Calveras_County_California_d_604_B2,B2,blue,#377CEF
I15174_USA_Calveras_County_California_c_600_D1,D,green,#007C66
I15175_USA_Calveras_County_California_c_600_C1b,C,orange,#FFA600
I15176_USA_Calveras_County_California_c_600_A2,A2,red,#E7180B
I15476_USA_Ca−sba−7_California_d_7070_A264,A2,red,#E7180B
I15477_USA_Ca−sba−7_California_c_7075_A264,A2,red,#E7180B
I15478_USA_SantaBarbara_California_d_4948_B2b,B2,blue,#377CEF
I15479_USA_SantaBarbara_California_c_3050_A264,A2,red,#E7180B
I15481_USA_Ca−sba−52_California_c_4800_D1,D,green,#007C66
I15587_DominicanRepublic_LaCaleta_c_1000_A2e,A2,red,#E7180B
I15590_DominicanRepublic_LaCaleta_d_851_A2e,A2,red,#E7180B
I15591_DominicanRepublic_LaCaleta_d_615_C1b2,C,orange,#FFA600
I15592_DominicanRepublic_LaCaleta_d_859_A2e,A2,red,#E7180B
I15593_DominicanRepublic_LaCaleta_d_974_A2,A2,red,#E7180B
I15594_DominicanRepublic_LaCaleta_c_1000_A2e,A2,red,#E7180B
I15595_DominicanRepublic_LaCaleta_d_1301_C1b2,C,orange,#FFA600
I15596_DominicanRepublic_LaCaleta_d_942_C1b2,C,orange,#FFA600
I15597_DominicanRepublic_LaCaleta_c_1000_C1b2,C,orange,#FFA600
I15598_DominicanRepublic_LaCaleta_c_1000_A2e,A2,red,#E7180B
I15600_DominicanRepublic_LaCaleta_d_1217_C1b,C,orange,#FFA600
I15601_DominicanRepublic_LaCaleta_d_1228_C1b2,C,orange,#FFA600
I15602_DominicanRepublic_LaCaleta_c_1000_C1b2,C,orange,#FFA600
I15604_DominicanRepublic_LaCaleta_c_1000_C1b2,C,orange,#FFA600
I15665_DominicanRepublic_LaCaleta_d_723_C1b2,C,orange,#FFA600
I15667_DominicanRepublic_LaCaleta_d_516_C1b2,C,orange,#FFA600
I15668_DominicanRepublic_LaCaleta_d_597_C1b2,C,orange,#FFA600
I15671_DominicanRepublic_LaCaleta_c_1000_A2e,A2,red,#E7180B
I15674_DominicanRepublic_LaCaleta_c_625_C1b2,C,orange,#FFA600
I15675_DominicanRepublic_LaCaleta_c_1000_A2e,A2,red,#E7180B
I15676_DominicanRepublic_LaCaleta_d_464_C1b2,C,orange,#FFA600
I15677_DominicanRepublic_LaCaleta_d_855_C1d1,C,orange,#FFA600
I15678_DominicanRepublic_LaCaleta_d_970_C1b2,C,orange,#FFA600
I15679_DominicanRepublic_LaCaleta_d_974_A2h,A2,red,#E7180B
I15682_DominicanRepublic_LaCaleta_c_1000_C1b2,C,orange,#FFA600
I15962_DominicanRepublic_LaCaleta_d_517_C1b2,C,orange,#FFA600
I15963_DominicanRepublic_LaCaleta_d_1218_C1b2,C,orange,#FFA600
I15964_DominicanRepublic_LaCaleta_d_998_C1b2,C,orange,#FFA600
I15965_DominicanRepublic_LaCaleta_d_887_C1b2,C,orange,#FFA600
I15966_DominicanRepublic_LaCaleta_d_768_C1b2,C,orange,#FFA600
I15968_DominicanRepublic_LaCaleta_d_930_A2e,A2,red,#E7180B
I15969_DominicanRepublic_LaCaleta_d_995_C1b2,C,orange,#FFA600
I15970_DominicanRepublic_LaCaleta_c_1000_A2e,A2,red,#E7180B
I15971_DominicanRepublic_LaCaleta_d_679_A2e,A2,red,#E7180B
I15972_DominicanRepublic_LaCaleta_d_536_C1b2,C,orange,#FFA600
I15973_DominicanRepublic_LaCaleta_d_635_A2e,A2,red,#E7180B
I15975_DominicanRepublic_LaCaleta_d_850_A2,A2,red,#E7180B
I15976_DominicanRepublic_LaCaleta_d_1112_C1b2,C,orange,#FFA600
I15977_DominicanRepublic_LaCaleta_d_1002_C1b2,C,orange,#FFA600
I15978_DominicanRepublic_LaCaleta_d_959_A_,A2,red,#E7180B
I16173_DominicanRepublic_LaCaleta_c_1000_C1b2,C,orange,#FFA600
I16174_DominicanRepublic_LaCaleta_d_894_C1b2,C,orange,#FFA600
I16175_DominicanRepublic_LaCaleta_c_675_C1b2,C,orange,#FFA600
I16176_DominicanRepublic_LaCaleta_d_694_A2e,A2,red,#E7180B
I16178_DominicanRepublic_LaCaleta_d_702_C1b2,C,orange,#FFA600
I16180_DominicanRepublic_LaCaleta_d_862_A2e,A2,red,#E7180B
I16181_DominicanRepublic_LaCaleta_c_675_C1b2,C,orange,#FFA600
I16519_DominicanRepublic_LaCaleta_d_930_C1b2,C,orange,#FFA600
I16520_DominicanRepublic_LaCaleta_c_1000_C1b2,C,orange,#FFA600
I16539_DominicanRepublic_LaCaleta_d_858_A264,A2,red,#E7180B
I16540_DominicanRepublic_LaCaleta_c_1000_C1b2,C,orange,#FFA600
I16556_DominicanRepublic_LaCaleta_c_1000_C1b2,C,orange,#FFA600
I16687_DominicanRepublic_LaCaleta_d_935_A2e,A2,red,#E7180B
I17096_Mexico_Sonora_c_1000_B2a4a1,B2,blue,#377CEF
I17108_Mexico_Sonora_c_1000_C1,C,orange,#FFA600
I17109_Mexico_Sonora_c_1000_C1c5,C,orange,#FFA600
I17113_Mexico_Sonora_c_1000_C1,C,orange,#FFA600
I17114_Mexico_Sonora_c_1000_B2a,B2,blue,#377CEF
I17125_Mexico_Sonora_c_1000_B2a,B2,blue,#377CEF
I1742_Peru_Tranca_c_1125_D1,D,green,#007C66
I1743_Peru_SanSebastian_d_495_A2,A2,red,#E7180B
I1748_Argentina_ArroyoSecoIi_d_7180_C1c,C,orange,#FFA600
I17497_Chile_Precordillera_d_603_C1b,C,orange,#FFA600
I1753_Chile_LosRieles_d_5095_C1b,C,orange,#FFA600
I1754_Chile_Conchal___d_825_D4h3a1a2,D,green,#007C66
I17889_Venezuela_LasLocas_d_2345_B2j,B2,blue,#377CEF
I17890_Venezuela_LasLocas_d_2235_B2j,B2,blue,#377CEF
I17891_Venezuela_LasLocas_d_2230_B2j,B2,blue,#377CEF
I17892_Venezuela_LasLocas_d_2337_B2j,B2,blue,#377CEF
I17893_Venezuela_LasLocas_d_2226_B2j,B2,blue,#377CEF
I17894_Venezuela_LasLocas_d_2263_B2d,B2,blue,#377CEF
I17895_Venezuela_LasLocas_c_2250_B2j,B2,blue,#377CEF
I17896_Venezuela_LasLocas_c_2250_B2d,B2,blue,#377CEF
I17899_DominicanRepublic_Atajadizo_d_471_A2,A2,red,#E7180B
I17900_DominicanRepublic_Atajadizo_d_529_B2,B2,blue,#377CEF
I17901_DominicanRepublic_Atajadizo_d_517_C1d1,C,orange,#FFA600
I17902_DominicanRepublic_Atajadizo_d_661_A2,A2,red,#E7180B
I17903_DominicanRepublic_Atajadizo_c_1000_D1,D,green,#007C66
I17905_DominicanRepublic_Atajadizo_d_604_A2,A2,red,#E7180B
I17906_DominicanRepublic_Atajadizo_d_1130_A2,A2,red,#E7180B
I17907_DominicanRepublic_Atajadizo_d_587_A264,A2,red,#E7180B
I17908_DominicanRepublic_Atajadizo_d_524_A2,A2,red,#E7180B
I18134_DominicanRepublic_ElFrances_d_1115_C1b2,C,orange,#FFA600
I18300_DominicanRepublic_Atajadizo_c_800_A2,A2,red,#E7180B
I18301_DominicanRepublic_Atajadizo_d_848_C1b2,C,orange,#FFA600
I18437_DominicanRepublic_ElFrances_c_1100_C1b2,C,orange,#FFA600
I19169_Belize_MayahakCabPek_d_8735_D4h3a5,D,green,#007C66
I19170_Belize_MayahakCabPek_c_8775_D4h3a5,D,green,#007C66
I19942_Belize_SakiTzul_d_4943_C1c,C,orange,#FFA600
I19950_Belize_SakiTzul_d_4673_D4h3a,D,green,#007C66
I20527_DominicanRepublic_ElSoco_d_998_C1d1,C,orange,#FFA600
I21249_Usa_Ca−sba−46a_California_c_950_A2,A2,red,#E7180B
I21250_Usa_Ca−sba−46a_California_c_950_A2,A2,red,#E7180B
I21452_Usa_Ca−sba−46a_California_c_950_A2,A2,red,#E7180B
I22220_Mexico_Paquim___d_604_C1b,C,orange,#FFA600
I2230_Argentina_ArroyoSecoIi_d_8670_C1b,C,orange,#FFA600
I2232_Argentina_ArroyoSecoIi_d_8360_C1b,C,orange,#FFA600
I2233_Peru_ParacasWariKayan_d_1915_D1,D,green,#007C66
I2237_Peru_ElBrujo_d_1335_D1,D,green,#007C66
I2238_Peru_ElBrujo_c_1550_D1,D,green,#007C66
I2241_Peru_ElBrujo_c_925_C1c,C,orange,#FFA600
I2242_Peru_ElBrujo_d_685_C1c,C,orange,#FFA600
I2243_Peru_ElBrujo_c_925_A2,A2,red,#E7180B
I2244_Peru_ElBrujo_c_925_C1b,C,orange,#FFA600
I2250_Peru_Chinchawas_c_700_D1,D,green,#007C66
I2251_Peru_Chinchawas_c_700_D1,D,green,#007C66
I2252_Peru_Chinchawas_c_1025_D1,D,green,#007C66
I2253_Peru_Chinchawas_c_1025_D1,D,green,#007C66
I2261_Peru_LaGalgada_d_4105_C1c,C,orange,#FFA600
I2262_Peru_ElBrujo_c_1550_C1b,C,orange,#FFA600
I2263_Peru_ElBrujo_d_1095_D4h3a,D,green,#007C66
I2264_Peru_Chinchawas_c_700_D1,D,green,#007C66
I2268_Peru_ElBrujo_d_4150_B2,B2,blue,#377CEF
I23704_Mexico_Sonora_d_1875_C1b7,C,orange,#FFA600
I23705_Mexico_Sonora_d_2810_A2c,A2,red,#E7180B
I23707_Mexico_Sonora_d_602_C1d1,C,orange,#FFA600
I23709_Mexico_Sonora_d_609_B2,B2,blue,#377CEF
I23710_Mexico_Sonora_d_562_D4h3a,D,green,#007C66
I23711_Mexico_Sonora_d_879_C1c1b,C,orange,#FFA600
I23712_Mexico_Sonora_c_625_C1d1c,C,orange,#FFA600
I24542_Belize_MayahakCabPek_d_4735_C1c,C,orange,#FFA600
I2537_Chile_PicaOcho_d_645_A2,A2,red,#E7180B
I2538_Chile_CaletaHuelen12_d_1101_B2,B2,blue,#377CEF
I2540_Chile_CaletaHuelen12_c_1000_A264,A2,red,#E7180B
I2543_Peru_Campanayuq_d_945_C1d1,C,orange,#FFA600
I2544_Peru_Charrangochayoc_c_675_B2,B2,blue,#377CEF
I2549_Peru_Palpa_d_540_D1,D,green,#007C66
I2550_Peru_MonteGrande_d_935_C1b,C,orange,#FFA600
I2551_Peru_Huayuncalla_d_830_C1b,C,orange,#FFA600
I2557_Peru_Ullujaya_d_1395_C1b,C,orange,#FFA600
I2558_Peru_Ullujaya_d_1320_B2,B2,blue,#377CEF
I2560_Peru_Ullujaya_d_950_B2,B2,blue,#377CEF
I2563_Peru_Campanayuq_c_650_B2,B2,blue,#377CEF
I2703_USA_Ca−sri−2b_California_c_600_A2,A2,red,#E7180B
I2707_USA_Ca−sri−2b_California_c_600_A2,A2,red,#E7180B
I2710_USA_Ca−sri−3_California_d_7823_A2,A2,red,#E7180B
I2711_USA_Ca−sri−3_California_d_7369_A2,A2,red,#E7180B
I2712_USA_Ca−sri−3_California_d_7698_A2,A2,red,#E7180B
I2715_USA_NewMexico_d_944_B2,B2,blue,#377CEF
I2716_USA_NewMexico_d_934_B2,B2,blue,#377CEF
I2717_USA_NewMexico_d_865_B2,B2,blue,#377CEF
I3442_Belize_MayahakCabPek_d_4998_A2af1b,A2,red,#E7180B
I3443_Belize_MayahakCabPek_d_9301_D4h3a,D,green,#007C66
I3565_USA_Ca−sri−41_California_d_3115_A2,A2,red,#E7180B
I5319_USA_TochakMcgrath_d_725_A2a1,A2,red,#E7180B
I5320_USA_TochakMcgrath_c_725_A264,A2,red,#E7180B
I5321_USA_TochakMcgrath_c_725_A264,A2,red,#E7180B
I5454_Belize_MayahakCabPek_d_5038_A2q,A2,red,#E7180B
I5456_Belize_SakiTzul_d_7368_D1,D,green,#007C66
I5457_Belize_SakiTzul_d_7376_D1,D,green,#007C66
I6235_Belize_MayahakCabPek_d_4523_A264,A2,red,#E7180B
I7090_Argentina_ArroyoSecoIi_d_7162_C1c,C,orange,#FFA600
I7965_DominicanRepublic_CuevaJuana_d_1230_A264,A2,red,#E7180B
I7966_DominicanRepublic_CuevaJuana_d_1249_C1b2,C,orange,#FFA600
I7967_DominicanRepublic_CuevaJuana_d_1228_D1,D,green,#007C66
I7968_DominicanRepublic_CuevaJuana_d_1015_D1,D,green,#007C66
I7970_DominicanRepublic_LaUnion_d_600_C1b2,C,orange,#FFA600
I7971_DominicanRepublic_LaUnion_d_624_A2,A2,red,#E7180B
I7977_DominicanRepublic_CuevaRoja_d_1887_C1d1,C,orange,#FFA600
I8041_Belize_MayahakCabPek_d_4079_A264,A2,red,#E7180B
I8121_DominicanRepublic_ElSoco_c_800_C1b2,C,orange,#FFA600
I8122_DominicanRepublic_ElSoco_c_800_A2z,A2,red,#E7180B
I8348_Argentina_Pampas__d_d_6875_B2b,B2,blue,#377CEF
I8575_Chile_CerroJohnny_d_424_D1g,D,green,#007C66
I8576_Chile_FaroM__ndez_c_100_D1g,D,green,#007C66
KP300790_Peru_Lauricocha__c_c_8536_A2as,A2,red,#E7180B
KP300791.1_Peru_Lauricocha__c__8450_A2,A2,red,#E7180B
KP300792_Peru_Lauricocha__d__3572_A2,A2,red,#E7180B
KP300793_Peru_Lauricocha__d__5921_A2,A2,red,#E7180B
KP300794_Peru_Lauricocha__d__8650_B2ab,B2,blue,#377CEF
KU523279_Peru_HuacaPucllana__c__744_B2q1b,B2,blue,#377CEF
KU523284_Peru_HuacaPucllana__c__744_B2,B2,blue,#377CEF
KU523289_Chile_Pica−8__c__776_B2,B2,blue,#377CEF
KU523292_Peru_PuebloViejo__c__509_B2aa1,B2,blue,#377CEF
KU523293_Peru_PuebloViejo__c__509_B2aa1a,B2,blue,#377CEF
KU523294_Peru_PuebloViejo__c__509_B2aa1a,B2,blue,#377CEF
KU523297_Peru_Pasamayo__c__779_B2aa1a,B2,blue,#377CEF
KU523298_Peru_Pasamayo__c__779_B2b9b,B2,blue,#377CEF
KU523299_Bolivia_Tiwanaku__c__1314_B2,B2,blue,#377CEF
KU523304_Mexico_CuevaCandelaria__c__714_B2,B2,blue,#377CEF
KU523305_Mexico_CuevaCandelaria__c__714_B2,B2,blue,#377CEF
KU523306_Mexico_CuevaCandelaria__c__714_B2,B2,blue,#377CEF
KU523307_Mexico_CuevaCandelaria__c__714_B2,B2,blue,#377CEF
KU523312_Argentina_Llullaillaco__c__539_C1b,C,orange,#FFA600
KU523317_Peru_HuacaPucllana__c__744_C1b19,C,orange,#FFA600
KU523318_Peru_HuacaPucllana__c__1264_C1b19,C,orange,#FFA600
KU523319_Peru_HuacaPucllana__c__1639_C1b19,C,orange,#FFA600
KU523320_Peru_HuacaPucllana__c__1264_C1b,C,orange,#FFA600
KU523321_Peru_HuacaPucllana__c__1264_C1b19,C,orange,#FFA600
KU523326_Peru_PuebloViejo__c__1164_C1b,C,orange,#FFA600
KU523327_Peru_PuebloViejo__c__1264_C1b,C,orange,#FFA600
KU523328_Peru_PuebloViejo__c__779_C1b,C,orange,#FFA600
KU523336_Bolivia_Tiwanaku__c__1314_C1,C,orange,#FFA600
KU523337_Bolivia_Tiwanaku__c__1314_C1b,C,orange,#FFA600
KU523338_Mexico_CuevaCandelaria__c__714_C1b,C,orange,#FFA600
KU523341_Argentina_Llullaillaco__c__539_D1,D,green,#007C66
KU523347_Peru_PuebloViejo__c__1639_D1,D,green,#007C66
KU523348_Peru_Pasamayo__c__699_D1,D,green,#007C66
L_AnseAmour_Canada_Newfoundland__d__7714_C1c,C,orange,#FFA600
LIB2__Peru_HuacaPucllana__c__1264_B2b,B2,blue,#377CEF
LLP.S2.E1_Argentina_LagunaDeLosPampas__d__9998.5_D1j,D,green,#007C66
LP13.2_Peru_HuacaPucllana__c__1264_B2,B2,blue,#377CEF
LP13.4_Peru_HuacaPucllana__c__1264_B2b,B2,blue,#377CEF
LP14.4_Peru_HuacaPucllana__c__1264_B2,B2,blue,#377CEF
LP14.5_Peru_HuacaPucllana__c__1264_B2,B2,blue,#377CEF
LP17.8_Peru_HuacaPucllana__c__1264_A2,A2,red,#E7180B
LP20.1_Peru_HuacaPucllana__c__1264_B2b,B2,blue,#377CEF
LP20.3_Peru_HuacaPucllana__c__1264_B2b,B2,blue,#377CEF
LP20.4_Peru_HuacaPucllana__c__1264_A2,A2,red,#E7180B
LP20.5_Peru_HuacaPucllana__c__1264_B2,B2,blue,#377CEF
LP22.6_Chile_Pica−8__c__776_B2,B2,blue,#377CEF
LP22.8_Chile_Pica−8__c__776_B2,B2,blue,#377CEF
LP40.1_Peru_HuacaPucllana__c__1264_B2b,B2,blue,#377CEF
LP40.2_Peru_HuacaPucllana__c__1264_B2b,B2,blue,#377CEF
LP40.4_Peru_HuacaPucllana__c__1264_A2,A2,red,#E7180B
LP40.5_Peru_Pasamayo__c__710_A2,A2,red,#E7180B
MW886102_Argentina_ElDiquecito__d__1069_D1j1,D,green,#007C66
MW886103_Argentina_ElVado__d__2123_B2ak1a,B2,blue,#377CEF
MW886104_Argentina_LomaBola__d__819_B2ak,B2,blue,#377CEF
MW886105_Argentina_Ischil__n__d__431_C1b17,C,orange,#FFA600
MW886106_Argentina_PotreroDeGaray__d__789_D1g5,D,green,#007C66
MW886107_Argentina_ElDiquecito__d__2454_C1b,C,orange,#FFA600
MW886108_Argentina_ElDiquecito__d__2520_C1d1b2,C,orange,#FFA600
MW886109_Argentina_ElDiquecito__d__613_D1g5a,D,green,#007C66
MW886110_Argentina_ElDiquecito__d__2288_C1b,C,orange,#FFA600
MW886111_Argentina_EstanciaLaElisa__d__4538_C1b,C,orange,#FFA600
MW886112_Argentina_Loteo5__d__555_B2ak1a,B2,blue,#377CEF
MW886113_Argentina_PotrerilloDeLarreta__d__909_C1b17,C,orange,#FFA600
MW886114_Argentina_Loteo5__d__555_B2ak1a,B2,blue,#377CEF
MW886115_Argentina_Ayampit__n__d__577_C1b,C,orange,#FFA600
MW886116_Argentina_AlpaCorral__d__5069_B2ak1,B2,blue,#377CEF
MW886117_Argentina_PotreroDeGaray__d__914_B2ak1a,B2,blue,#377CEF
MW886118_Argentina_Guasmara__d__814_A2bb1,A2,red,#E7180B
MW886119_Argentina_Copina__d__608_A2bc,A2,red,#E7180B
MW886120_Argentina_LaGranja__d__1167_C1b16,C,orange,#FFA600
MW886122_Argentina_ColoniaMuller__d__1441_B2,B2,blue,#377CEF
MW886123_Argentina_RoscaYaco__d__696_B2ak1a,B2,blue,#377CEF
S0179_Peru_LaGalgada__c__4000_B2,B2,blue,#377CEF
S0181_Peru_LaGalgada__c__4000_A2,A2,red,#E7180B
S0187_Peru_LaGalgada__c__4000_D1,D,green,#007C66
S0237_Peru_ChullpaBotigiriayocc__c__800_B2,B2,blue,#377CEF
S0284_Peru_Jauranga__c__1650_B2,B2,blue,#377CEF
S0287_Peru_LosMolinos__c__1900_B2,B2,blue,#377CEF
S0300_Peru_SanSebastian__c__550_A2,A2,red,#E7180B
S0301_Peru_SanSebastian__c__550_C1d,C,orange,#FFA600
S0309_Argentina_ArroyoSeco2__d__7755_D1,D,green,#007C66
S0315_Chile_Camarones__c__3750_A2,A2,red,#E7180B
S0322_Chile_Pica−8__c__750_A2,A2,red,#E7180B
S0323_Chile_Pica−8__c__750_A2,A2,red,#E7180B
S0324_Peru_HuacaPrieta__c__1400_C1b,C,orange,#FFA600
S0352_Argentina_ArroyoSeco2__d__7755_A2,A2,red,#E7180B
S0976_Bolivia_Tiwanaku__c__1314_B2,B2,blue,#377CEF
S0977_Bolivia_Tiwanaku__c__1314_C1c,C,orange,#FFA600
S0978_Bolivia_Tiwanaku__c__1314_B2,B2,blue,#377CEF
S0979_Bolivia_Tiwanaku__c__1314_B2,B2,blue,#377CEF
UB3_Colombia_Ubat____d__5620_A264,A2,red,#E7180B
USR1_Usa_UpwardSunRiver__c_c_11425_C1b,C,orange,#FFA600
USR2_Usa_UpwardSunRiver__c_c_11425_B2,B2,blue,#377CEF
VIS3_Colombia_VistaHermosa__d__3272.5_B2,B2,blue,#377CEF
VIS4_Colombia_VistaHermosa__d__3272.5_C1b,C,orange,#FFA600
VIS5_Colombia_VistaHermosa__d__3272.5_C1b,C,orange,#FFA600